owning_agency_name,reporting_agency_name,submission_period,allocation_transfer_agency_identifier_code,agency_identifier_code,beginning_period_of_availability,ending_period_of_availability,availability_type_code,main_account_code,sub_account_code,treasury_account_symbol,treasury_account_name,agency_identifier_name,allocation_transfer_agency_identifier_name,budget_function,budget_subfunction,federal_account_symbol,federal_account_name,program_activity_code,program_activity_name,object_class_code,object_class_name,direct_or_reimbursable_funding_source,disaster_emergency_fund_code,disaster_emergency_fund_name,transaction_obligated_amount,gross_outlay_amount_FYB_to_period_end,USSGL487200_downward_adj_prior_year_prepaid_undeliv_order_oblig,USSGL497200_downward_adj_of_prior_year_paid_deliv_orders_oblig,award_unique_key,award_id_piid,parent_award_id_piid,award_id_fain,award_id_uri,award_base_action_date,award_base_action_date_fiscal_year,award_latest_action_date,award_latest_action_date_fiscal_year,period_of_performance_start_date,period_of_performance_current_end_date,ordering_period_end_date,award_type_code,award_type,idv_type_code,idv_type,prime_award_base_transaction_description,awarding_agency_code,awarding_agency_name,awarding_subagency_code,awarding_subagency_name,awarding_office_code,awarding_office_name,funding_agency_code,funding_agency_name,funding_sub_agency_code,funding_sub_agency_name,funding_office_code,funding_office_name,recipient_uei,recipient_duns,recipient_name,recipient_name_raw,recipient_parent_uei,recipient_parent_duns,recipient_parent_name,recipient_parent_name_raw,recipient_country,recipient_state,recipient_county,recipient_city,prime_award_summary_recipient_cd_original,prime_award_summary_recipient_cd_current,recipient_zip_code,primary_place_of_performance_country,primary_place_of_performance_state,primary_place_of_performance_county,prime_award_summary_place_of_performance_cd_original,prime_award_summary_place_of_performance_cd_current,primary_place_of_performance_zip_code,cfda_number,cfda_title,product_or_service_code,product_or_service_code_description,naics_code,naics_description,national_interest_action_code,national_interest_action,usaspending_permalink,last_modified_date
Department of State,Agency for International Development,FY2022P12,072,019,2021,2022,,1031,000,072-019-2021/2022-1031-000,"Global Health Programs, State",Department of State,Agency for International Development,International Affairs,International development and humanitarian assistance,019-1031,"Global Health Programs, State",0001,DIRECT GLOBAL HEALTH PROGRAM ACTIVITY,41.0,"Grants, subsidies, and contributions",D,Q,Not Designated Nonemergency/Emergency/Disaster/Wildfire Suppression,1250000.00,,,,ASST_NON_72011922CA00001_072,,,72011922CA00001,,2022-09-27,2022,2024-08-16,2024,2022-10-01,2027-09-30,,05,COOPERATIVE AGREEMENT (B),,,TAJIKISTAN TUBERCULOSIS (TB) BILATERAL ACTIVITY,072,AGENCY FOR INTERNATIONAL DEVELOPMENT (USAID),7200,AGENCY FOR INTERNATIONAL DEVELOPMENT,720119,USAID/TAJIKISTAN,072,AGENCY FOR INTERNATIONAL DEVELOPMENT (USAID),7200,AGENCY FOR INTERNATIONAL DEVELOPMENT,720119,USAID/TAJIKISTAN,VRAASTY11EA3,,FAMILY HEALTH INTERNATIONAL,FAMILY HEALTH INTERNATIONAL,,,,FAMILY HEALTH INTERNATIONAL INC,USA,NC,DURHAM,DURHAM,NC-04,NC-04,277012477,TAJIKISTAN,,,,,,98.001,USAID FOREIGN ASSISTANCE FOR PROGRAMS OVERSEAS,,,,,,,https://www.usaspending.gov/award/ASST_NON_72011922CA00001_072/,2022-11-14
Department of State,Agency for International Development,FY2023P02,072,019,2021,2026,,1031,000,072-019-2021/2026-1031-000,"Global Health Programs, State",Department of State,Agency for International Development,International Affairs,International development and humanitarian assistance,019-1031,"Global Health Programs, State",0001,DIRECT GLOBAL HEALTH PROGRAM ACTIVITY,41.0,"Grants, subsidies, and contributions",D,Q,Not Designated Nonemergency/Emergency/Disaster/Wildfire Suppression,,62573.58,,,ASST_NON_72011922CA00001_072,,,72011922CA00001,,2022-09-27,2022,2024-08-16,2024,2022-10-01,2027-09-30,,05,COOPERATIVE AGREEMENT (B),,,TAJIKISTAN TUBERCULOSIS (TB) BILATERAL ACTIVITY,072,AGENCY FOR INTERNATIONAL DEVELOPMENT (USAID),7200,AGENCY FOR INTERNATIONAL DEVELOPMENT,720119,USAID/TAJIKISTAN,072,AGENCY FOR INTERNATIONAL DEVELOPMENT (USAID),7200,AGENCY FOR INTERNATIONAL DEVELOPMENT,720119,USAID/TAJIKISTAN,VRAASTY11EA3,,FAMILY HEALTH INTERNATIONAL,FAMILY HEALTH INTERNATIONAL,,,,FAMILY HEALTH INTERNATIONAL INC,USA,NC,DURHAM,DURHAM,NC-04,NC-04,277012477,TAJIKISTAN,,,,,,98.001,USAID FOREIGN ASSISTANCE FOR PROGRAMS OVERSEAS,,,,,,,https://www.usaspending.gov/award/ASST_NON_72011922CA00001_072/,2023-01-09
Department of State,Agency for International Development,FY2023P03,072,019,2021,2026,,1031,000,072-019-2021/2026-1031-000,"Global Health Programs, State",Department of State,Agency for International Development,International Affairs,International development and humanitarian assistance,019-1031,"Global Health Programs, State",0001,DIRECT GLOBAL HEALTH PROGRAM ACTIVITY,41.0,"Grants, subsidies, and contributions",D,Q,Not Designated Nonemergency/Emergency/Disaster/Wildfire Suppression,,140881.80,,,ASST_NON_72011922CA00001_072,,,72011922CA00001,,2022-09-27,2022,2024-08-16,2024,2022-10-01,2027-09-30,,05,COOPERATIVE AGREEMENT (B),,,TAJIKISTAN TUBERCULOSIS (TB) BILATERAL ACTIVITY,072,AGENCY FOR INTERNATIONAL DEVELOPMENT (USAID),7200,AGENCY FOR INTERNATIONAL DEVELOPMENT,720119,USAID/TAJIKISTAN,072,AGENCY FOR INTERNATIONAL DEVELOPMENT (USAID),7200,AGENCY FOR INTERNATIONAL DEVELOPMENT,720119,USAID/TAJIKISTAN,VRAASTY11EA3,,FAMILY HEALTH INTERNATIONAL,FAMILY HEALTH INTERNATIONAL,,,,FAMILY HEALTH INTERNATIONAL INC,USA,NC,DURHAM,DURHAM,NC-04,NC-04,277012477,TAJIKISTAN,,,,,,98.001,USAID FOREIGN ASSISTANCE FOR PROGRAMS OVERSEAS,,,,,,,https://www.usaspending.gov/award/ASST_NON_72011922CA00001_072/,2023-02-14
Department of State,Agency for International Development,FY2023P04,072,019,2021,2026,,1031,000,072-019-2021/2026-1031-000,"Global Health Programs, State",Department of State,Agency for International Development,International Affairs,International development and humanitarian assistance,019-1031,"Global Health Programs, State",0001,DIRECT GLOBAL HEALTH PROGRAM ACTIVITY,41.0,"Grants, subsidies, and contributions",D,Q,Not Designated Nonemergency/Emergency/Disaster/Wildfire Suppression,,210126.28,,,ASST_NON_72011922CA00001_072,,,72011922CA00001,,2022-09-27,2022,2024-08-16,2024,2022-10-01,2027-09-30,,05,COOPERATIVE AGREEMENT (B),,,TAJIKISTAN TUBERCULOSIS (TB) BILATERAL ACTIVITY,072,AGENCY FOR INTERNATIONAL DEVELOPMENT (USAID),7200,AGENCY FOR INTERNATIONAL DEVELOPMENT,720119,USAID/TAJIKISTAN,072,AGENCY FOR INTERNATIONAL DEVELOPMENT (USAID),7200,AGENCY FOR INTERNATIONAL DEVELOPMENT,720119,USAID/TAJIKISTAN,VRAASTY11EA3,,FAMILY HEALTH INTERNATIONAL,FAMILY HEALTH INTERNATIONAL,,,,FAMILY HEALTH INTERNATIONAL INC,USA,NC,DURHAM,DURHAM,NC-04,NC-04,277012477,TAJIKISTAN,,,,,,98.001,USAID FOREIGN ASSISTANCE FOR PROGRAMS OVERSEAS,,,,,,,https://www.usaspending.gov/award/ASST_NON_72011922CA00001_072/,2023-02-27
Department of State,Agency for International Development,FY2023P05,072,019,2021,2026,,1031,000,072-019-2021/2026-1031-000,"Global Health Programs, State",Department of State,Agency for International Development,International Affairs,International development and humanitarian assistance,019-1031,"Global Health Programs, State",0001,DIRECT GLOBAL HEALTH PROGRAM ACTIVITY,41.0,"Grants, subsidies, and contributions",D,Q,Not Designated Nonemergency/Emergency/Disaster/Wildfire Suppression,,345368.53,,,ASST_NON_72011922CA00001_072,,,72011922CA00001,,2022-09-27,2022,2024-08-16,2024,2022-10-01,2027-09-30,,05,COOPERATIVE AGREEMENT (B),,,TAJIKISTAN TUBERCULOSIS (TB) BILATERAL ACTIVITY,072,AGENCY FOR INTERNATIONAL DEVELOPMENT (USAID),7200,AGENCY FOR INTERNATIONAL DEVELOPMENT,720119,USAID/TAJIKISTAN,072,AGENCY FOR INTERNATIONAL DEVELOPMENT (USAID),7200,AGENCY FOR INTERNATIONAL DEVELOPMENT,720119,USAID/TAJIKISTAN,VRAASTY11EA3,,FAMILY HEALTH INTERNATIONAL,FAMILY HEALTH INTERNATIONAL,,,,FAMILY HEALTH INTERNATIONAL INC,USA,NC,DURHAM,DURHAM,NC-04,NC-04,277012477,TAJIKISTAN,,,,,,98.001,USAID FOREIGN ASSISTANCE FOR PROGRAMS OVERSEAS,,,,,,,https://www.usaspending.gov/award/ASST_NON_72011922CA00001_072/,2023-04-03
Department of State,Agency for International Development,FY2023P06,072,019,2021,2026,,1031,000,072-019-2021/2026-1031-000,"Global Health Programs, State",Department of State,Agency for International Development,International Affairs,International development and humanitarian assistance,019-1031,"Global Health Programs, State",0001,DIRECT GLOBAL HEALTH PROGRAM ACTIVITY,41.0,"Grants, subsidies, and contributions",D,Q,Not Designated Nonemergency/Emergency/Disaster/Wildfire Suppression,,520472.91,,,ASST_NON_72011922CA00001_072,,,72011922CA00001,,2022-09-27,2022,2024-08-16,2024,2022-10-01,2027-09-30,,05,COOPERATIVE AGREEMENT (B),,,TAJIKISTAN TUBERCULOSIS (TB) BILATERAL ACTIVITY,072,AGENCY FOR INTERNATIONAL DEVELOPMENT (USAID),7200,AGENCY FOR INTERNATIONAL DEVELOPMENT,720119,USAID/TAJIKISTAN,072,AGENCY FOR INTERNATIONAL DEVELOPMENT (USAID),7200,AGENCY FOR INTERNATIONAL DEVELOPMENT,720119,USAID/TAJIKISTAN,VRAASTY11EA3,,FAMILY HEALTH INTERNATIONAL,FAMILY HEALTH INTERNATIONAL,,,,FAMILY HEALTH INTERNATIONAL INC,USA,NC,DURHAM,DURHAM,NC-04,NC-04,277012477,TAJIKISTAN,,,,,,98.001,USAID FOREIGN ASSISTANCE FOR PROGRAMS OVERSEAS,,,,,,,https://www.usaspending.gov/award/ASST_NON_72011922CA00001_072/,2023-04-28
Department of State,Agency for International Development,FY2023P07,072,019,2021,2026,,1031,000,072-019-2021/2026-1031-000,"Global Health Programs, State",Department of State,Agency for International Development,International Affairs,International development and humanitarian assistance,019-1031,"Global Health Programs, State",0001,DIRECT GLOBAL HEALTH PROGRAM ACTIVITY,41.0,"Grants, subsidies, and contributions",D,Q,Not Designated Nonemergency/Emergency/Disaster/Wildfire Suppression,,726994.44,,,ASST_NON_72011922CA00001_072,,,72011922CA00001,,2022-09-27,2022,2024-08-16,2024,2022-10-01,2027-09-30,,05,COOPERATIVE AGREEMENT (B),,,TAJIKISTAN TUBERCULOSIS (TB) BILATERAL ACTIVITY,072,AGENCY FOR INTERNATIONAL DEVELOPMENT (USAID),7200,AGENCY FOR INTERNATIONAL DEVELOPMENT,720119,USAID/TAJIKISTAN,072,AGENCY FOR INTERNATIONAL DEVELOPMENT (USAID),7200,AGENCY FOR INTERNATIONAL DEVELOPMENT,720119,USAID/TAJIKISTAN,VRAASTY11EA3,,FAMILY HEALTH INTERNATIONAL,FAMILY HEALTH INTERNATIONAL,,,,FAMILY HEALTH INTERNATIONAL INC,USA,NC,DURHAM,DURHAM,NC-04,NC-04,277012477,TAJIKISTAN,,,,,,98.001,USAID FOREIGN ASSISTANCE FOR PROGRAMS OVERSEAS,,,,,,,https://www.usaspending.gov/award/ASST_NON_72011922CA00001_072/,2023-05-30
Department of State,Agency for International Development,FY2023P08,072,019,2021,2026,,1031,000,072-019-2021/2026-1031-000,"Global Health Programs, State",Department of State,Agency for International Development,International Affairs,International development and humanitarian assistance,019-1031,"Global Health Programs, State",0001,DIRECT GLOBAL HEALTH PROGRAM ACTIVITY,41.0,"Grants, subsidies, and contributions",D,Q,Not Designated Nonemergency/Emergency/Disaster/Wildfire Suppression,,1082830.51,,,ASST_NON_72011922CA00001_072,,,72011922CA00001,,2022-09-27,2022,2024-08-16,2024,2022-10-01,2027-09-30,,05,COOPERATIVE AGREEMENT (B),,,TAJIKISTAN TUBERCULOSIS (TB) BILATERAL ACTIVITY,072,AGENCY FOR INTERNATIONAL DEVELOPMENT (USAID),7200,AGENCY FOR INTERNATIONAL DEVELOPMENT,720119,USAID/TAJIKISTAN,072,AGENCY FOR INTERNATIONAL DEVELOPMENT (USAID),7200,AGENCY FOR INTERNATIONAL DEVELOPMENT,720119,USAID/TAJIKISTAN,VRAASTY11EA3,,FAMILY HEALTH INTERNATIONAL,FAMILY HEALTH INTERNATIONAL,,,,FAMILY HEALTH INTERNATIONAL INC,USA,NC,DURHAM,DURHAM,NC-04,NC-04,277012477,TAJIKISTAN,,,,,,98.001,USAID FOREIGN ASSISTANCE FOR PROGRAMS OVERSEAS,,,,,,,https://www.usaspending.gov/award/ASST_NON_72011922CA00001_072/,2023-06-28
Department of State,Agency for International Development,FY2023P09,072,019,2022,2023,,1031,000,072-019-2022/2023-1031-000,"Global Health Programs, State",Department of State,Agency for International Development,International Affairs,International development and humanitarian assistance,019-1031,"Global Health Programs, State",0001,DIRECT GLOBAL HEALTH PROGRAM ACTIVITY,41.0,"Grants, subsidies, and contributions",D,Q,Not Designated Nonemergency/Emergency/Disaster/Wildfire Suppression,2510000.00,,,,ASST_NON_72011922CA00001_072,,,72011922CA00001,,2022-09-27,2022,2024-08-16,2024,2022-10-01,2027-09-30,,05,COOPERATIVE AGREEMENT (B),,,TAJIKISTAN TUBERCULOSIS (TB) BILATERAL ACTIVITY,072,AGENCY FOR INTERNATIONAL DEVELOPMENT (USAID),7200,AGENCY FOR INTERNATIONAL DEVELOPMENT,720119,USAID/TAJIKISTAN,072,AGENCY FOR INTERNATIONAL DEVELOPMENT (USAID),7200,AGENCY FOR INTERNATIONAL DEVELOPMENT,720119,USAID/TAJIKISTAN,VRAASTY11EA3,,FAMILY HEALTH INTERNATIONAL,FAMILY HEALTH INTERNATIONAL,,,,FAMILY HEALTH INTERNATIONAL INC,USA,NC,DURHAM,DURHAM,NC-04,NC-04,277012477,TAJIKISTAN,,,,,,98.001,USAID FOREIGN ASSISTANCE FOR PROGRAMS OVERSEAS,,,,,,,https://www.usaspending.gov/award/ASST_NON_72011922CA00001_072/,2023-07-28
Department of State,Agency for International Development,FY2023P09,072,019,2022,2023,,1031,000,072-019-2022/2023-1031-000,"Global Health Programs, State",Department of State,Agency for International Development,International Affairs,International development and humanitarian assistance,019-1031,"Global Health Programs, State",0001,DIRECT GLOBAL HEALTH PROGRAM ACTIVITY,41.0,"Grants, subsidies, and contributions",D,Q,Not Designated Nonemergency/Emergency/Disaster/Wildfire Suppression,,106376.95,,,ASST_NON_72011922CA00001_072,,,72011922CA00001,,2022-09-27,2022,2024-08-16,2024,2022-10-01,2027-09-30,,05,COOPERATIVE AGREEMENT (B),,,TAJIKISTAN TUBERCULOSIS (TB) BILATERAL ACTIVITY,072,AGENCY FOR INTERNATIONAL DEVELOPMENT (USAID),7200,AGENCY FOR INTERNATIONAL DEVELOPMENT,720119,USAID/TAJIKISTAN,072,AGENCY FOR INTERNATIONAL DEVELOPMENT (USAID),7200,AGENCY FOR INTERNATIONAL DEVELOPMENT,720119,USAID/TAJIKISTAN,VRAASTY11EA3,,FAMILY HEALTH INTERNATIONAL,FAMILY HEALTH INTERNATIONAL,,,,FAMILY HEALTH INTERNATIONAL INC,USA,NC,DURHAM,DURHAM,NC-04,NC-04,277012477,TAJIKISTAN,,,,,,98.001,USAID FOREIGN ASSISTANCE FOR PROGRAMS OVERSEAS,,,,,,,https://www.usaspending.gov/award/ASST_NON_72011922CA00001_072/,2023-07-28
Department of State,Agency for International Development,FY2023P09,072,019,2021,2026,,1031,000,072-019-2021/2026-1031-000,"Global Health Programs, State",Department of State,Agency for International Development,International Affairs,International development and humanitarian assistance,019-1031,"Global Health Programs, State",0001,DIRECT GLOBAL HEALTH PROGRAM ACTIVITY,41.0,"Grants, subsidies, and contributions",D,Q,Not Designated Nonemergency/Emergency/Disaster/Wildfire Suppression,,1250000.00,,,ASST_NON_72011922CA00001_072,,,72011922CA00001,,2022-09-27,2022,2024-08-16,2024,2022-10-01,2027-09-30,,05,COOPERATIVE AGREEMENT (B),,,TAJIKISTAN TUBERCULOSIS (TB) BILATERAL ACTIVITY,072,AGENCY FOR INTERNATIONAL DEVELOPMENT (USAID),7200,AGENCY FOR INTERNATIONAL DEVELOPMENT,720119,USAID/TAJIKISTAN,072,AGENCY FOR INTERNATIONAL DEVELOPMENT (USAID),7200,AGENCY FOR INTERNATIONAL DEVELOPMENT,720119,USAID/TAJIKISTAN,VRAASTY11EA3,,FAMILY HEALTH INTERNATIONAL,FAMILY HEALTH INTERNATIONAL,,,,FAMILY HEALTH INTERNATIONAL INC,USA,NC,DURHAM,DURHAM,NC-04,NC-04,277012477,TAJIKISTAN,,,,,,98.001,USAID FOREIGN ASSISTANCE FOR PROGRAMS OVERSEAS,,,,,,,https://www.usaspending.gov/award/ASST_NON_72011922CA00001_072/,2023-07-28
Department of State,Agency for International Development,FY2023P10,072,019,2022,2023,,1031,000,072-019-2022/2023-1031-000,"Global Health Programs, State",Department of State,Agency for International Development,International Affairs,International development and humanitarian assistance,019-1031,"Global Health Programs, State",0001,DIRECT GLOBAL HEALTH PROGRAM ACTIVITY,41.0,"Grants, subsidies, and contributions",D,Q,Not Designated Nonemergency/Emergency/Disaster/Wildfire Suppression,,430533.37,,,ASST_NON_72011922CA00001_072,,,72011922CA00001,,2022-09-27,2022,2024-08-16,2024,2022-10-01,2027-09-30,,05,COOPERATIVE AGREEMENT (B),,,TAJIKISTAN TUBERCULOSIS (TB) BILATERAL ACTIVITY,072,AGENCY FOR INTERNATIONAL DEVELOPMENT (USAID),7200,AGENCY FOR INTERNATIONAL DEVELOPMENT,720119,USAID/TAJIKISTAN,072,AGENCY FOR INTERNATIONAL DEVELOPMENT (USAID),7200,AGENCY FOR INTERNATIONAL DEVELOPMENT,720119,USAID/TAJIKISTAN,VRAASTY11EA3,,FAMILY HEALTH INTERNATIONAL,FAMILY HEALTH INTERNATIONAL,,,,FAMILY HEALTH INTERNATIONAL INC,USA,NC,DURHAM,DURHAM,NC-04,NC-04,277012477,TAJIKISTAN,,,,,,98.001,USAID FOREIGN ASSISTANCE FOR PROGRAMS OVERSEAS,,,,,,,https://www.usaspending.gov/award/ASST_NON_72011922CA00001_072/,2023-08-28
Department of State,Agency for International Development,FY2023P10,072,019,2021,2026,,1031,000,072-019-2021/2026-1031-000,"Global Health Programs, State",Department of State,Agency for International Development,International Affairs,International development and humanitarian assistance,019-1031,"Global Health Programs, State",0001,DIRECT GLOBAL HEALTH PROGRAM ACTIVITY,41.0,"Grants, subsidies, and contributions",D,Q,Not Designated Nonemergency/Emergency/Disaster/Wildfire Suppression,,1250000.00,,,ASST_NON_72011922CA00001_072,,,72011922CA00001,,2022-09-27,2022,2024-08-16,2024,2022-10-01,2027-09-30,,05,COOPERATIVE AGREEMENT (B),,,TAJIKISTAN TUBERCULOSIS (TB) BILATERAL ACTIVITY,072,AGENCY FOR INTERNATIONAL DEVELOPMENT (USAID),7200,AGENCY FOR INTERNATIONAL DEVELOPMENT,720119,USAID/TAJIKISTAN,072,AGENCY FOR INTERNATIONAL DEVELOPMENT (USAID),7200,AGENCY FOR INTERNATIONAL DEVELOPMENT,720119,USAID/TAJIKISTAN,VRAASTY11EA3,,FAMILY HEALTH INTERNATIONAL,FAMILY HEALTH INTERNATIONAL,,,,FAMILY HEALTH INTERNATIONAL INC,USA,NC,DURHAM,DURHAM,NC-04,NC-04,277012477,TAJIKISTAN,,,,,,98.001,USAID FOREIGN ASSISTANCE FOR PROGRAMS OVERSEAS,,,,,,,https://www.usaspending.gov/award/ASST_NON_72011922CA00001_072/,2023-08-28
Department of State,Agency for International Development,FY2023P11,072,019,2022,2023,,1031,000,072-019-2022/2023-1031-000,"Global Health Programs, State",Department of State,Agency for International Development,International Affairs,International development and humanitarian assistance,019-1031,"Global Health Programs, State",0001,DIRECT GLOBAL HEALTH PROGRAM ACTIVITY,41.0,"Grants, subsidies, and contributions",D,Q,Not Designated Nonemergency/Emergency/Disaster/Wildfire Suppression,,673804.48,,,ASST_NON_72011922CA00001_072,,,72011922CA00001,,2022-09-27,2022,2024-08-16,2024,2022-10-01,2027-09-30,,05,COOPERATIVE AGREEMENT (B),,,TAJIKISTAN TUBERCULOSIS (TB) BILATERAL ACTIVITY,072,AGENCY FOR INTERNATIONAL DEVELOPMENT (USAID),7200,AGENCY FOR INTERNATIONAL DEVELOPMENT,720119,USAID/TAJIKISTAN,072,AGENCY FOR INTERNATIONAL DEVELOPMENT (USAID),7200,AGENCY FOR INTERNATIONAL DEVELOPMENT,720119,USAID/TAJIKISTAN,VRAASTY11EA3,,FAMILY HEALTH INTERNATIONAL,FAMILY HEALTH INTERNATIONAL,,,,FAMILY HEALTH INTERNATIONAL INC,USA,NC,DURHAM,DURHAM,NC-04,NC-04,277012477,TAJIKISTAN,,,,,,98.001,USAID FOREIGN ASSISTANCE FOR PROGRAMS OVERSEAS,,,,,,,https://www.usaspending.gov/award/ASST_NON_72011922CA00001_072/,2023-10-05
Department of State,Agency for International Development,FY2023P11,072,019,2021,2026,,1031,000,072-019-2021/2026-1031-000,"Global Health Programs, State",Department of State,Agency for International Development,International Affairs,International development and humanitarian assistance,019-1031,"Global Health Programs, State",0001,DIRECT GLOBAL HEALTH PROGRAM ACTIVITY,41.0,"Grants, subsidies, and contributions",D,Q,Not Designated Nonemergency/Emergency/Disaster/Wildfire Suppression,,1250000.00,,,ASST_NON_72011922CA00001_072,,,72011922CA00001,,2022-09-27,2022,2024-08-16,2024,2022-10-01,2027-09-30,,05,COOPERATIVE AGREEMENT (B),,,TAJIKISTAN TUBERCULOSIS (TB) BILATERAL ACTIVITY,072,AGENCY FOR INTERNATIONAL DEVELOPMENT (USAID),7200,AGENCY FOR INTERNATIONAL DEVELOPMENT,720119,USAID/TAJIKISTAN,072,AGENCY FOR INTERNATIONAL DEVELOPMENT (USAID),7200,AGENCY FOR INTERNATIONAL DEVELOPMENT,720119,USAID/TAJIKISTAN,VRAASTY11EA3,,FAMILY HEALTH INTERNATIONAL,FAMILY HEALTH INTERNATIONAL,,,,FAMILY HEALTH INTERNATIONAL INC,USA,NC,DURHAM,DURHAM,NC-04,NC-04,277012477,TAJIKISTAN,,,,,,98.001,USAID FOREIGN ASSISTANCE FOR PROGRAMS OVERSEAS,,,,,,,https://www.usaspending.gov/award/ASST_NON_72011922CA00001_072/,2023-10-05
Department of State,Agency for International Development,FY2023P12,072,019,2022,2023,,1031,000,072-019-2022/2023-1031-000,"Global Health Programs, State",Department of State,Agency for International Development,International Affairs,International development and humanitarian assistance,019-1031,"Global Health Programs, State",0001,DIRECT GLOBAL HEALTH PROGRAM ACTIVITY,41.0,"Grants, subsidies, and contributions",D,Q,Not Designated Nonemergency/Emergency/Disaster/Wildfire Suppression,,1237727.89,,,ASST_NON_72011922CA00001_072,,,72011922CA00001,,2022-09-27,2022,2024-08-16,2024,2022-10-01,2027-09-30,,05,COOPERATIVE AGREEMENT (B),,,TAJIKISTAN TUBERCULOSIS (TB) BILATERAL ACTIVITY,072,AGENCY FOR INTERNATIONAL DEVELOPMENT (USAID),7200,AGENCY FOR INTERNATIONAL DEVELOPMENT,720119,USAID/TAJIKISTAN,072,AGENCY FOR INTERNATIONAL DEVELOPMENT (USAID),7200,AGENCY FOR INTERNATIONAL DEVELOPMENT,720119,USAID/TAJIKISTAN,VRAASTY11EA3,,FAMILY HEALTH INTERNATIONAL,FAMILY HEALTH INTERNATIONAL,,,,FAMILY HEALTH INTERNATIONAL INC,USA,NC,DURHAM,DURHAM,NC-04,NC-04,277012477,TAJIKISTAN,,,,,,98.001,USAID FOREIGN ASSISTANCE FOR PROGRAMS OVERSEAS,,,,,,,https://www.usaspending.gov/award/ASST_NON_72011922CA00001_072/,2023-11-14
Department of State,Agency for International Development,FY2023P12,072,019,2021,2026,,1031,000,072-019-2021/2026-1031-000,"Global Health Programs, State",Department of State,Agency for International Development,International Affairs,International development and humanitarian assistance,019-1031,"Global Health Programs, State",0001,DIRECT GLOBAL HEALTH PROGRAM ACTIVITY,41.0,"Grants, subsidies, and contributions",D,Q,Not Designated Nonemergency/Emergency/Disaster/Wildfire Suppression,,1250000.00,,,ASST_NON_72011922CA00001_072,,,72011922CA00001,,2022-09-27,2022,2024-08-16,2024,2022-10-01,2027-09-30,,05,COOPERATIVE AGREEMENT (B),,,TAJIKISTAN TUBERCULOSIS (TB) BILATERAL ACTIVITY,072,AGENCY FOR INTERNATIONAL DEVELOPMENT (USAID),7200,AGENCY FOR INTERNATIONAL DEVELOPMENT,720119,USAID/TAJIKISTAN,072,AGENCY FOR INTERNATIONAL DEVELOPMENT (USAID),7200,AGENCY FOR INTERNATIONAL DEVELOPMENT,720119,USAID/TAJIKISTAN,VRAASTY11EA3,,FAMILY HEALTH INTERNATIONAL,FAMILY HEALTH INTERNATIONAL,,,,FAMILY HEALTH INTERNATIONAL INC,USA,NC,DURHAM,DURHAM,NC-04,NC-04,277012477,TAJIKISTAN,,,,,,98.001,USAID FOREIGN ASSISTANCE FOR PROGRAMS OVERSEAS,,,,,,,https://www.usaspending.gov/award/ASST_NON_72011922CA00001_072/,2023-11-14
Department of State,Agency for International Development,FY2024P02,072,019,2022,2027,,1031,000,072-019-2022/2027-1031-000,"Global Health Programs, State",Department of State,Agency for International Development,International Affairs,International development and humanitarian assistance,019-1031,"Global Health Programs, State",0001,DIRECT GLOBAL HEALTH PROGRAM ACTIVITY,41.0,"Grants, subsidies, and contributions",D,Q,Not Designated Nonemergency/Emergency/Disaster/Wildfire Suppression,,852437.09,,,ASST_NON_72011922CA00001_072,,,72011922CA00001,,2022-09-27,2022,2024-08-16,2024,2022-10-01,2027-09-30,,05,COOPERATIVE AGREEMENT (B),,,TAJIKISTAN TUBERCULOSIS (TB) BILATERAL ACTIVITY,072,AGENCY FOR INTERNATIONAL DEVELOPMENT (USAID),7200,AGENCY FOR INTERNATIONAL DEVELOPMENT,720119,USAID/TAJIKISTAN,072,AGENCY FOR INTERNATIONAL DEVELOPMENT (USAID),7200,AGENCY FOR INTERNATIONAL DEVELOPMENT,720119,USAID/TAJIKISTAN,VRAASTY11EA3,,FAMILY HEALTH INTERNATIONAL,FAMILY HEALTH INTERNATIONAL,,,,FAMILY HEALTH INTERNATIONAL INC,USA,NC,DURHAM,DURHAM,NC-04,NC-04,277012477,TAJIKISTAN,,,,,,98.001,USAID FOREIGN ASSISTANCE FOR PROGRAMS OVERSEAS,,,,,,,https://www.usaspending.gov/award/ASST_NON_72011922CA00001_072/,2024-01-03
Department of State,Agency for International Development,FY2024P03,072,019,2022,2027,,1031,000,072-019-2022/2027-1031-000,"Global Health Programs, State",Department of State,Agency for International Development,International Affairs,International development and humanitarian assistance,019-1031,"Global Health Programs, State",0001,DIRECT GLOBAL HEALTH PROGRAM ACTIVITY,41.0,"Grants, subsidies, and contributions",D,Q,Not Designated Nonemergency/Emergency/Disaster/Wildfire Suppression,,1177548.62,,,ASST_NON_72011922CA00001_072,,,72011922CA00001,,2022-09-27,2022,2024-08-16,2024,2022-10-01,2027-09-30,,05,COOPERATIVE AGREEMENT (B),,,TAJIKISTAN TUBERCULOSIS (TB) BILATERAL ACTIVITY,072,AGENCY FOR INTERNATIONAL DEVELOPMENT (USAID),7200,AGENCY FOR INTERNATIONAL DEVELOPMENT,720119,USAID/TAJIKISTAN,072,AGENCY FOR INTERNATIONAL DEVELOPMENT (USAID),7200,AGENCY FOR INTERNATIONAL DEVELOPMENT,720119,USAID/TAJIKISTAN,VRAASTY11EA3,,FAMILY HEALTH INTERNATIONAL,FAMILY HEALTH INTERNATIONAL,,,,FAMILY HEALTH INTERNATIONAL INC,USA,NC,DURHAM,DURHAM,NC-04,NC-04,277012477,TAJIKISTAN,,,,,,98.001,USAID FOREIGN ASSISTANCE FOR PROGRAMS OVERSEAS,,,,,,,https://www.usaspending.gov/award/ASST_NON_72011922CA00001_072/,2024-01-30
Department of State,Agency for International Development,FY2024P04,072,019,2022,2027,,1031,000,072-019-2022/2027-1031-000,"Global Health Programs, State",Department of State,Agency for International Development,International Affairs,International development and humanitarian assistance,019-1031,"Global Health Programs, State",0001,DIRECT GLOBAL HEALTH PROGRAM ACTIVITY,41.0,"Grants, subsidies, and contributions",D,Q,Not Designated Nonemergency/Emergency/Disaster/Wildfire Suppression,,1272272.11,,,ASST_NON_72011922CA00001_072,,,72011922CA00001,,2022-09-27,2022,2024-08-16,2024,2022-10-01,2027-09-30,,05,COOPERATIVE AGREEMENT (B),,,TAJIKISTAN TUBERCULOSIS (TB) BILATERAL ACTIVITY,072,AGENCY FOR INTERNATIONAL DEVELOPMENT (USAID),7200,AGENCY FOR INTERNATIONAL DEVELOPMENT,720119,USAID/TAJIKISTAN,072,AGENCY FOR INTERNATIONAL DEVELOPMENT (USAID),7200,AGENCY FOR INTERNATIONAL DEVELOPMENT,720119,USAID/TAJIKISTAN,VRAASTY11EA3,,FAMILY HEALTH INTERNATIONAL,FAMILY HEALTH INTERNATIONAL,,,,FAMILY HEALTH INTERNATIONAL INC,USA,NC,DURHAM,DURHAM,NC-04,NC-04,277012477,TAJIKISTAN,,,,,,98.001,USAID FOREIGN ASSISTANCE FOR PROGRAMS OVERSEAS,,,,,,,https://www.usaspending.gov/award/ASST_NON_72011922CA00001_072/,2024-02-29
Department of State,Agency for International Development,FY2024P05,072,019,2023,2024,,1031,000,072-019-2023/2024-1031-000,"Global Health Programs, State",Department of State,Agency for International Development,International Affairs,International development and humanitarian assistance,019-1031,"Global Health Programs, State",0001,DIRECT GLOBAL HEALTH PROGRAM ACTIVITY,41.0,"Grants, subsidies, and contributions",D,Q,Not Designated Nonemergency/Emergency/Disaster/Wildfire Suppression,2000000.00,,,,ASST_NON_72011922CA00001_072,,,72011922CA00001,,2022-09-27,2022,2024-08-16,2024,2022-10-01,2027-09-30,,05,COOPERATIVE AGREEMENT (B),,,TAJIKISTAN TUBERCULOSIS (TB) BILATERAL ACTIVITY,072,AGENCY FOR INTERNATIONAL DEVELOPMENT (USAID),7200,AGENCY FOR INTERNATIONAL DEVELOPMENT,720119,USAID/TAJIKISTAN,072,AGENCY FOR INTERNATIONAL DEVELOPMENT (USAID),7200,AGENCY FOR INTERNATIONAL DEVELOPMENT,720119,USAID/TAJIKISTAN,VRAASTY11EA3,,FAMILY HEALTH INTERNATIONAL,FAMILY HEALTH INTERNATIONAL,,,,FAMILY HEALTH INTERNATIONAL INC,USA,NC,DURHAM,DURHAM,NC-04,NC-04,277012477,TAJIKISTAN,,,,,,98.001,USAID FOREIGN ASSISTANCE FOR PROGRAMS OVERSEAS,,,,,,,https://www.usaspending.gov/award/ASST_NON_72011922CA00001_072/,2024-03-29
Department of State,Agency for International Development,FY2024P05,072,019,2022,2027,,1031,000,072-019-2022/2027-1031-000,"Global Health Programs, State",Department of State,Agency for International Development,International Affairs,International development and humanitarian assistance,019-1031,"Global Health Programs, State",0001,DIRECT GLOBAL HEALTH PROGRAM ACTIVITY,41.0,"Grants, subsidies, and contributions",D,Q,Not Designated Nonemergency/Emergency/Disaster/Wildfire Suppression,,1272272.11,,,ASST_NON_72011922CA00001_072,,,72011922CA00001,,2022-09-27,2022,2024-08-16,2024,2022-10-01,2027-09-30,,05,COOPERATIVE AGREEMENT (B),,,TAJIKISTAN TUBERCULOSIS (TB) BILATERAL ACTIVITY,072,AGENCY FOR INTERNATIONAL DEVELOPMENT (USAID),7200,AGENCY FOR INTERNATIONAL DEVELOPMENT,720119,USAID/TAJIKISTAN,072,AGENCY FOR INTERNATIONAL DEVELOPMENT (USAID),7200,AGENCY FOR INTERNATIONAL DEVELOPMENT,720119,USAID/TAJIKISTAN,VRAASTY11EA3,,FAMILY HEALTH INTERNATIONAL,FAMILY HEALTH INTERNATIONAL,,,,FAMILY HEALTH INTERNATIONAL INC,USA,NC,DURHAM,DURHAM,NC-04,NC-04,277012477,TAJIKISTAN,,,,,,98.001,USAID FOREIGN ASSISTANCE FOR PROGRAMS OVERSEAS,,,,,,,https://www.usaspending.gov/award/ASST_NON_72011922CA00001_072/,2024-03-29
Department of State,Agency for International Development,FY2024P06,072,019,2022,2027,,1031,000,072-019-2022/2027-1031-000,"Global Health Programs, State",Department of State,Agency for International Development,International Affairs,International development and humanitarian assistance,019-1031,"Global Health Programs, State",0001,DIRECT GLOBAL HEALTH PROGRAM ACTIVITY,41.0,"Grants, subsidies, and contributions",D,Q,Not Designated Nonemergency/Emergency/Disaster/Wildfire Suppression,,1272272.11,,,ASST_NON_72011922CA00001_072,,,72011922CA00001,,2022-09-27,2022,2024-08-16,2024,2022-10-01,2027-09-30,,05,COOPERATIVE AGREEMENT (B),,,TAJIKISTAN TUBERCULOSIS (TB) BILATERAL ACTIVITY,072,AGENCY FOR INTERNATIONAL DEVELOPMENT (USAID),7200,AGENCY FOR INTERNATIONAL DEVELOPMENT,720119,USAID/TAJIKISTAN,072,AGENCY FOR INTERNATIONAL DEVELOPMENT (USAID),7200,AGENCY FOR INTERNATIONAL DEVELOPMENT,720119,USAID/TAJIKISTAN,VRAASTY11EA3,,FAMILY HEALTH INTERNATIONAL,FAMILY HEALTH INTERNATIONAL,,,,FAMILY HEALTH INTERNATIONAL INC,USA,NC,DURHAM,DURHAM,NC-04,NC-04,277012477,TAJIKISTAN,,,,,,98.001,USAID FOREIGN ASSISTANCE FOR PROGRAMS OVERSEAS,,,,,,,https://www.usaspending.gov/award/ASST_NON_72011922CA00001_072/,2024-04-29
Department of State,Agency for International Development,FY2024P06,072,019,2023,2024,,1031,000,072-019-2023/2024-1031-000,"Global Health Programs, State",Department of State,Agency for International Development,International Affairs,International development and humanitarian assistance,019-1031,"Global Health Programs, State",0001,DIRECT GLOBAL HEALTH PROGRAM ACTIVITY,41.0,"Grants, subsidies, and contributions",D,Q,Not Designated Nonemergency/Emergency/Disaster/Wildfire Suppression,,1221111.91,,,ASST_NON_72011922CA00001_072,,,72011922CA00001,,2022-09-27,2022,2024-08-16,2024,2022-10-01,2027-09-30,,05,COOPERATIVE AGREEMENT (B),,,TAJIKISTAN TUBERCULOSIS (TB) BILATERAL ACTIVITY,072,AGENCY FOR INTERNATIONAL DEVELOPMENT (USAID),7200,AGENCY FOR INTERNATIONAL DEVELOPMENT,720119,USAID/TAJIKISTAN,072,AGENCY FOR INTERNATIONAL DEVELOPMENT (USAID),7200,AGENCY FOR INTERNATIONAL DEVELOPMENT,720119,USAID/TAJIKISTAN,VRAASTY11EA3,,FAMILY HEALTH INTERNATIONAL,FAMILY HEALTH INTERNATIONAL,,,,FAMILY HEALTH INTERNATIONAL INC,USA,NC,DURHAM,DURHAM,NC-04,NC-04,277012477,TAJIKISTAN,,,,,,98.001,USAID FOREIGN ASSISTANCE FOR PROGRAMS OVERSEAS,,,,,,,https://www.usaspending.gov/award/ASST_NON_72011922CA00001_072/,2024-04-29
Department of State,Agency for International Development,FY2024P07,072,019,2022,2027,,1031,000,072-019-2022/2027-1031-000,"Global Health Programs, State",Department of State,Agency for International Development,International Affairs,International development and humanitarian assistance,019-1031,"Global Health Programs, State",0001,DIRECT GLOBAL HEALTH PROGRAM ACTIVITY,41.0,"Grants, subsidies, and contributions",D,Q,Not Designated Nonemergency/Emergency/Disaster/Wildfire Suppression,,1272272.11,,,ASST_NON_72011922CA00001_072,,,72011922CA00001,,2022-09-27,2022,2024-08-16,2024,2022-10-01,2027-09-30,,05,COOPERATIVE AGREEMENT (B),,,TAJIKISTAN TUBERCULOSIS (TB) BILATERAL ACTIVITY,072,AGENCY FOR INTERNATIONAL DEVELOPMENT (USAID),7200,AGENCY FOR INTERNATIONAL DEVELOPMENT,720119,USAID/TAJIKISTAN,072,AGENCY FOR INTERNATIONAL DEVELOPMENT (USAID),7200,AGENCY FOR INTERNATIONAL DEVELOPMENT,720119,USAID/TAJIKISTAN,VRAASTY11EA3,,FAMILY HEALTH INTERNATIONAL,FAMILY HEALTH INTERNATIONAL,,,,FAMILY HEALTH INTERNATIONAL INC,USA,NC,DURHAM,DURHAM,NC-04,NC-04,277012477,TAJIKISTAN,,,,,,98.001,USAID FOREIGN ASSISTANCE FOR PROGRAMS OVERSEAS,,,,,,,https://www.usaspending.gov/award/ASST_NON_72011922CA00001_072/,2024-06-03
Department of State,Agency for International Development,FY2024P07,072,019,2023,2024,,1031,000,072-019-2023/2024-1031-000,"Global Health Programs, State",Department of State,Agency for International Development,International Affairs,International development and humanitarian assistance,019-1031,"Global Health Programs, State",0001,DIRECT GLOBAL HEALTH PROGRAM ACTIVITY,41.0,"Grants, subsidies, and contributions",D,Q,Not Designated Nonemergency/Emergency/Disaster/Wildfire Suppression,1900000.00,,,,ASST_NON_72011922CA00001_072,,,72011922CA00001,,2022-09-27,2022,2024-08-16,2024,2022-10-01,2027-09-30,,05,COOPERATIVE AGREEMENT (B),,,TAJIKISTAN TUBERCULOSIS (TB) BILATERAL ACTIVITY,072,AGENCY FOR INTERNATIONAL DEVELOPMENT (USAID),7200,AGENCY FOR INTERNATIONAL DEVELOPMENT,720119,USAID/TAJIKISTAN,072,AGENCY FOR INTERNATIONAL DEVELOPMENT (USAID),7200,AGENCY FOR INTERNATIONAL DEVELOPMENT,720119,USAID/TAJIKISTAN,VRAASTY11EA3,,FAMILY HEALTH INTERNATIONAL,FAMILY HEALTH INTERNATIONAL,,,,FAMILY HEALTH INTERNATIONAL INC,USA,NC,DURHAM,DURHAM,NC-04,NC-04,277012477,TAJIKISTAN,,,,,,98.001,USAID FOREIGN ASSISTANCE FOR PROGRAMS OVERSEAS,,,,,,,https://www.usaspending.gov/award/ASST_NON_72011922CA00001_072/,2024-06-03
Department of State,Agency for International Development,FY2024P07,072,019,2023,2024,,1031,000,072-019-2023/2024-1031-000,"Global Health Programs, State",Department of State,Agency for International Development,International Affairs,International development and humanitarian assistance,019-1031,"Global Health Programs, State",0001,DIRECT GLOBAL HEALTH PROGRAM ACTIVITY,41.0,"Grants, subsidies, and contributions",D,Q,Not Designated Nonemergency/Emergency/Disaster/Wildfire Suppression,,1651725.71,,,ASST_NON_72011922CA00001_072,,,72011922CA00001,,2022-09-27,2022,2024-08-16,2024,2022-10-01,2027-09-30,,05,COOPERATIVE AGREEMENT (B),,,TAJIKISTAN TUBERCULOSIS (TB) BILATERAL ACTIVITY,072,AGENCY FOR INTERNATIONAL DEVELOPMENT (USAID),7200,AGENCY FOR INTERNATIONAL DEVELOPMENT,720119,USAID/TAJIKISTAN,072,AGENCY FOR INTERNATIONAL DEVELOPMENT (USAID),7200,AGENCY FOR INTERNATIONAL DEVELOPMENT,720119,USAID/TAJIKISTAN,VRAASTY11EA3,,FAMILY HEALTH INTERNATIONAL,FAMILY HEALTH INTERNATIONAL,,,,FAMILY HEALTH INTERNATIONAL INC,USA,NC,DURHAM,DURHAM,NC-04,NC-04,277012477,TAJIKISTAN,,,,,,98.001,USAID FOREIGN ASSISTANCE FOR PROGRAMS OVERSEAS,,,,,,,https://www.usaspending.gov/award/ASST_NON_72011922CA00001_072/,2024-06-03
Department of State,Agency for International Development,FY2024P08,072,019,2022,2027,,1031,000,072-019-2022/2027-1031-000,"Global Health Programs, State",Department of State,Agency for International Development,International Affairs,International development and humanitarian assistance,019-1031,"Global Health Programs, State",0001,DIRECT GLOBAL HEALTH PROGRAM ACTIVITY,41.0,"Grants, subsidies, and contributions",D,Q,Not Designated Nonemergency/Emergency/Disaster/Wildfire Suppression,,1272272.11,,,ASST_NON_72011922CA00001_072,,,72011922CA00001,,2022-09-27,2022,2024-08-16,2024,2022-10-01,2027-09-30,,05,COOPERATIVE AGREEMENT (B),,,TAJIKISTAN TUBERCULOSIS (TB) BILATERAL ACTIVITY,072,AGENCY FOR INTERNATIONAL DEVELOPMENT (USAID),7200,AGENCY FOR INTERNATIONAL DEVELOPMENT,720119,USAID/TAJIKISTAN,072,AGENCY FOR INTERNATIONAL DEVELOPMENT (USAID),7200,AGENCY FOR INTERNATIONAL DEVELOPMENT,720119,USAID/TAJIKISTAN,VRAASTY11EA3,,FAMILY HEALTH INTERNATIONAL,FAMILY HEALTH INTERNATIONAL,,,,FAMILY HEALTH INTERNATIONAL INC,USA,NC,DURHAM,DURHAM,NC-04,NC-04,277012477,TAJIKISTAN,,,,,,98.001,USAID FOREIGN ASSISTANCE FOR PROGRAMS OVERSEAS,,,,,,,https://www.usaspending.gov/award/ASST_NON_72011922CA00001_072/,2024-06-27
Department of State,Agency for International Development,FY2024P08,072,019,2023,2024,,1031,000,072-019-2023/2024-1031-000,"Global Health Programs, State",Department of State,Agency for International Development,International Affairs,International development and humanitarian assistance,019-1031,"Global Health Programs, State",0001,DIRECT GLOBAL HEALTH PROGRAM ACTIVITY,41.0,"Grants, subsidies, and contributions",D,Q,Not Designated Nonemergency/Emergency/Disaster/Wildfire Suppression,,2069845.38,,,ASST_NON_72011922CA00001_072,,,72011922CA00001,,2022-09-27,2022,2024-08-16,2024,2022-10-01,2027-09-30,,05,COOPERATIVE AGREEMENT (B),,,TAJIKISTAN TUBERCULOSIS (TB) BILATERAL ACTIVITY,072,AGENCY FOR INTERNATIONAL DEVELOPMENT (USAID),7200,AGENCY FOR INTERNATIONAL DEVELOPMENT,720119,USAID/TAJIKISTAN,072,AGENCY FOR INTERNATIONAL DEVELOPMENT (USAID),7200,AGENCY FOR INTERNATIONAL DEVELOPMENT,720119,USAID/TAJIKISTAN,VRAASTY11EA3,,FAMILY HEALTH INTERNATIONAL,FAMILY HEALTH INTERNATIONAL,,,,FAMILY HEALTH INTERNATIONAL INC,USA,NC,DURHAM,DURHAM,NC-04,NC-04,277012477,TAJIKISTAN,,,,,,98.001,USAID FOREIGN ASSISTANCE FOR PROGRAMS OVERSEAS,,,,,,,https://www.usaspending.gov/award/ASST_NON_72011922CA00001_072/,2024-06-27
Department of State,Agency for International Development,FY2024P09,072,019,2023,2024,,1031,000,072-019-2023/2024-1031-000,"Global Health Programs, State",Department of State,Agency for International Development,International Affairs,International development and humanitarian assistance,019-1031,"Global Health Programs, State",0001,DIRECT GLOBAL HEALTH PROGRAM ACTIVITY,41.0,"Grants, subsidies, and contributions",D,Q,Not Designated Nonemergency/Emergency/Disaster/Wildfire Suppression,,2411470.13,,,ASST_NON_72011922CA00001_072,,,72011922CA00001,,2022-09-27,2022,2024-08-16,2024,2022-10-01,2027-09-30,,05,COOPERATIVE AGREEMENT (B),,,TAJIKISTAN TUBERCULOSIS (TB) BILATERAL ACTIVITY,072,AGENCY FOR INTERNATIONAL DEVELOPMENT (USAID),7200,AGENCY FOR INTERNATIONAL DEVELOPMENT,720119,USAID/TAJIKISTAN,072,AGENCY FOR INTERNATIONAL DEVELOPMENT (USAID),7200,AGENCY FOR INTERNATIONAL DEVELOPMENT,720119,USAID/TAJIKISTAN,VRAASTY11EA3,,FAMILY HEALTH INTERNATIONAL,FAMILY HEALTH INTERNATIONAL,,,,FAMILY HEALTH INTERNATIONAL INC,USA,NC,DURHAM,DURHAM,NC-04,NC-04,277012477,TAJIKISTAN,,,,,,98.001,USAID FOREIGN ASSISTANCE FOR PROGRAMS OVERSEAS,,,,,,,https://www.usaspending.gov/award/ASST_NON_72011922CA00001_072/,2024-07-26
Department of State,Agency for International Development,FY2024P09,072,019,2022,2027,,1031,000,072-019-2022/2027-1031-000,"Global Health Programs, State",Department of State,Agency for International Development,International Affairs,International development and humanitarian assistance,019-1031,"Global Health Programs, State",0001,DIRECT GLOBAL HEALTH PROGRAM ACTIVITY,41.0,"Grants, subsidies, and contributions",D,Q,Not Designated Nonemergency/Emergency/Disaster/Wildfire Suppression,,1272272.11,,,ASST_NON_72011922CA00001_072,,,72011922CA00001,,2022-09-27,2022,2024-08-16,2024,2022-10-01,2027-09-30,,05,COOPERATIVE AGREEMENT (B),,,TAJIKISTAN TUBERCULOSIS (TB) BILATERAL ACTIVITY,072,AGENCY FOR INTERNATIONAL DEVELOPMENT (USAID),7200,AGENCY FOR INTERNATIONAL DEVELOPMENT,720119,USAID/TAJIKISTAN,072,AGENCY FOR INTERNATIONAL DEVELOPMENT (USAID),7200,AGENCY FOR INTERNATIONAL DEVELOPMENT,720119,USAID/TAJIKISTAN,VRAASTY11EA3,,FAMILY HEALTH INTERNATIONAL,FAMILY HEALTH INTERNATIONAL,,,,FAMILY HEALTH INTERNATIONAL INC,USA,NC,DURHAM,DURHAM,NC-04,NC-04,277012477,TAJIKISTAN,,,,,,98.001,USAID FOREIGN ASSISTANCE FOR PROGRAMS OVERSEAS,,,,,,,https://www.usaspending.gov/award/ASST_NON_72011922CA00001_072/,2024-07-26
Department of State,Agency for International Development,FY2024P10,072,019,2022,2027,,1031,000,072-019-2022/2027-1031-000,"Global Health Programs, State",Department of State,Agency for International Development,International Affairs,International development and humanitarian assistance,019-1031,"Global Health Programs, State",0001,DIRECT GLOBAL HEALTH PROGRAM ACTIVITY,41.0,"Grants, subsidies, and contributions",D,Q,Not Designated Nonemergency/Emergency/Disaster/Wildfire Suppression,,1272272.11,,,ASST_NON_72011922CA00001_072,,,72011922CA00001,,2022-09-27,2022,2024-08-16,2024,2022-10-01,2027-09-30,,05,COOPERATIVE AGREEMENT (B),,,TAJIKISTAN TUBERCULOSIS (TB) BILATERAL ACTIVITY,072,AGENCY FOR INTERNATIONAL DEVELOPMENT (USAID),7200,AGENCY FOR INTERNATIONAL DEVELOPMENT,720119,USAID/TAJIKISTAN,072,AGENCY FOR INTERNATIONAL DEVELOPMENT (USAID),7200,AGENCY FOR INTERNATIONAL DEVELOPMENT,720119,USAID/TAJIKISTAN,VRAASTY11EA3,,FAMILY HEALTH INTERNATIONAL,FAMILY HEALTH INTERNATIONAL,,,,FAMILY HEALTH INTERNATIONAL INC,USA,NC,DURHAM,DURHAM,NC-04,NC-04,277012477,TAJIKISTAN,,,,,,98.001,USAID FOREIGN ASSISTANCE FOR PROGRAMS OVERSEAS,,,,,,,https://www.usaspending.gov/award/ASST_NON_72011922CA00001_072/,2024-08-27
Department of State,Agency for International Development,FY2024P10,072,019,2023,2024,,1031,000,072-019-2023/2024-1031-000,"Global Health Programs, State",Department of State,Agency for International Development,International Affairs,International development and humanitarian assistance,019-1031,"Global Health Programs, State",0001,DIRECT GLOBAL HEALTH PROGRAM ACTIVITY,41.0,"Grants, subsidies, and contributions",D,Q,Not Designated Nonemergency/Emergency/Disaster/Wildfire Suppression,,2794499.87,,,ASST_NON_72011922CA00001_072,,,72011922CA00001,,2022-09-27,2022,2024-08-16,2024,2022-10-01,2027-09-30,,05,COOPERATIVE AGREEMENT (B),,,TAJIKISTAN TUBERCULOSIS (TB) BILATERAL ACTIVITY,072,AGENCY FOR INTERNATIONAL DEVELOPMENT (USAID),7200,AGENCY FOR INTERNATIONAL DEVELOPMENT,720119,USAID/TAJIKISTAN,072,AGENCY FOR INTERNATIONAL DEVELOPMENT (USAID),7200,AGENCY FOR INTERNATIONAL DEVELOPMENT,720119,USAID/TAJIKISTAN,VRAASTY11EA3,,FAMILY HEALTH INTERNATIONAL,FAMILY HEALTH INTERNATIONAL,,,,FAMILY HEALTH INTERNATIONAL INC,USA,NC,DURHAM,DURHAM,NC-04,NC-04,277012477,TAJIKISTAN,,,,,,98.001,USAID FOREIGN ASSISTANCE FOR PROGRAMS OVERSEAS,,,,,,,https://www.usaspending.gov/award/ASST_NON_72011922CA00001_072/,2024-08-27
Department of State,Agency for International Development,FY2024P11,072,019,2022,2027,,1031,000,072-019-2022/2027-1031-000,"Global Health Programs, State",Department of State,Agency for International Development,International Affairs,International development and humanitarian assistance,019-1031,"Global Health Programs, State",0001,DIRECT GLOBAL HEALTH PROGRAM ACTIVITY,41.0,"Grants, subsidies, and contributions",D,Q,Not Designated Nonemergency/Emergency/Disaster/Wildfire Suppression,,1272272.11,,,ASST_NON_72011922CA00001_072,,,72011922CA00001,,2022-09-27,2022,2024-08-16,2024,2022-10-01,2027-09-30,,05,COOPERATIVE AGREEMENT (B),,,TAJIKISTAN TUBERCULOSIS (TB) BILATERAL ACTIVITY,072,AGENCY FOR INTERNATIONAL DEVELOPMENT (USAID),7200,AGENCY FOR INTERNATIONAL DEVELOPMENT,720119,USAID/TAJIKISTAN,072,AGENCY FOR INTERNATIONAL DEVELOPMENT (USAID),7200,AGENCY FOR INTERNATIONAL DEVELOPMENT,720119,USAID/TAJIKISTAN,VRAASTY11EA3,,FAMILY HEALTH INTERNATIONAL,FAMILY HEALTH INTERNATIONAL,,,,FAMILY HEALTH INTERNATIONAL INC,USA,NC,DURHAM,DURHAM,NC-04,NC-04,277012477,TAJIKISTAN,,,,,,98.001,USAID FOREIGN ASSISTANCE FOR PROGRAMS OVERSEAS,,,,,,,https://www.usaspending.gov/award/ASST_NON_72011922CA00001_072/,2024-09-27
Department of State,Agency for International Development,FY2024P11,072,019,2023,2024,,1031,000,072-019-2023/2024-1031-000,"Global Health Programs, State",Department of State,Agency for International Development,International Affairs,International development and humanitarian assistance,019-1031,"Global Health Programs, State",0001,DIRECT GLOBAL HEALTH PROGRAM ACTIVITY,41.0,"Grants, subsidies, and contributions",D,Q,Not Designated Nonemergency/Emergency/Disaster/Wildfire Suppression,590000.00,,,,ASST_NON_72011922CA00001_072,,,72011922CA00001,,2022-09-27,2022,2024-08-16,2024,2022-10-01,2027-09-30,,05,COOPERATIVE AGREEMENT (B),,,TAJIKISTAN TUBERCULOSIS (TB) BILATERAL ACTIVITY,072,AGENCY FOR INTERNATIONAL DEVELOPMENT (USAID),7200,AGENCY FOR INTERNATIONAL DEVELOPMENT,720119,USAID/TAJIKISTAN,072,AGENCY FOR INTERNATIONAL DEVELOPMENT (USAID),7200,AGENCY FOR INTERNATIONAL DEVELOPMENT,720119,USAID/TAJIKISTAN,VRAASTY11EA3,,FAMILY HEALTH INTERNATIONAL,FAMILY HEALTH INTERNATIONAL,,,,FAMILY HEALTH INTERNATIONAL INC,USA,NC,DURHAM,DURHAM,NC-04,NC-04,277012477,TAJIKISTAN,,,,,,98.001,USAID FOREIGN ASSISTANCE FOR PROGRAMS OVERSEAS,,,,,,,https://www.usaspending.gov/award/ASST_NON_72011922CA00001_072/,2024-09-27
Department of State,Agency for International Development,FY2024P11,072,019,2023,2024,,1031,000,072-019-2023/2024-1031-000,"Global Health Programs, State",Department of State,Agency for International Development,International Affairs,International development and humanitarian assistance,019-1031,"Global Health Programs, State",0001,DIRECT GLOBAL HEALTH PROGRAM ACTIVITY,41.0,"Grants, subsidies, and contributions",D,Q,Not Designated Nonemergency/Emergency/Disaster/Wildfire Suppression,,3087024.54,,,ASST_NON_72011922CA00001_072,,,72011922CA00001,,2022-09-27,2022,2024-08-16,2024,2022-10-01,2027-09-30,,05,COOPERATIVE AGREEMENT (B),,,TAJIKISTAN TUBERCULOSIS (TB) BILATERAL ACTIVITY,072,AGENCY FOR INTERNATIONAL DEVELOPMENT (USAID),7200,AGENCY FOR INTERNATIONAL DEVELOPMENT,720119,USAID/TAJIKISTAN,072,AGENCY FOR INTERNATIONAL DEVELOPMENT (USAID),7200,AGENCY FOR INTERNATIONAL DEVELOPMENT,720119,USAID/TAJIKISTAN,VRAASTY11EA3,,FAMILY HEALTH INTERNATIONAL,FAMILY HEALTH INTERNATIONAL,,,,FAMILY HEALTH INTERNATIONAL INC,USA,NC,DURHAM,DURHAM,NC-04,NC-04,277012477,TAJIKISTAN,,,,,,98.001,USAID FOREIGN ASSISTANCE FOR PROGRAMS OVERSEAS,,,,,,,https://www.usaspending.gov/award/ASST_NON_72011922CA00001_072/,2024-09-27
Department of State,Agency for International Development,FY2024P12,072,019,2022,2027,,1031,000,072-019-2022/2027-1031-000,"Global Health Programs, State",Department of State,Agency for International Development,International Affairs,International development and humanitarian assistance,019-1031,"Global Health Programs, State",0001,DIRECT GLOBAL HEALTH PROGRAM ACTIVITY,41.0,"Grants, subsidies, and contributions",D,Q,Not Designated Nonemergency/Emergency/Disaster/Wildfire Suppression,,1272272.11,,,ASST_NON_72011922CA00001_072,,,72011922CA00001,,2022-09-27,2022,2024-08-16,2024,2022-10-01,2027-09-30,,05,COOPERATIVE AGREEMENT (B),,,TAJIKISTAN TUBERCULOSIS (TB) BILATERAL ACTIVITY,072,AGENCY FOR INTERNATIONAL DEVELOPMENT (USAID),7200,AGENCY FOR INTERNATIONAL DEVELOPMENT,720119,USAID/TAJIKISTAN,072,AGENCY FOR INTERNATIONAL DEVELOPMENT (USAID),7200,AGENCY FOR INTERNATIONAL DEVELOPMENT,720119,USAID/TAJIKISTAN,VRAASTY11EA3,,FAMILY HEALTH INTERNATIONAL,FAMILY HEALTH INTERNATIONAL,,,,FAMILY HEALTH INTERNATIONAL INC,USA,NC,DURHAM,DURHAM,NC-04,NC-04,277012477,TAJIKISTAN,,,,,,98.001,USAID FOREIGN ASSISTANCE FOR PROGRAMS OVERSEAS,,,,,,,https://www.usaspending.gov/award/ASST_NON_72011922CA00001_072/,2024-11-13
Department of State,Agency for International Development,FY2024P12,072,019,2023,2024,,1031,000,072-019-2023/2024-1031-000,"Global Health Programs, State",Department of State,Agency for International Development,International Affairs,International development and humanitarian assistance,019-1031,"Global Health Programs, State",0001,DIRECT GLOBAL HEALTH PROGRAM ACTIVITY,41.0,"Grants, subsidies, and contributions",D,Q,Not Designated Nonemergency/Emergency/Disaster/Wildfire Suppression,,3395095.90,,,ASST_NON_72011922CA00001_072,,,72011922CA00001,,2022-09-27,2022,2024-08-16,2024,2022-10-01,2027-09-30,,05,COOPERATIVE AGREEMENT (B),,,TAJIKISTAN TUBERCULOSIS (TB) BILATERAL ACTIVITY,072,AGENCY FOR INTERNATIONAL DEVELOPMENT (USAID),7200,AGENCY FOR INTERNATIONAL DEVELOPMENT,720119,USAID/TAJIKISTAN,072,AGENCY FOR INTERNATIONAL DEVELOPMENT (USAID),7200,AGENCY FOR INTERNATIONAL DEVELOPMENT,720119,USAID/TAJIKISTAN,VRAASTY11EA3,,FAMILY HEALTH INTERNATIONAL,FAMILY HEALTH INTERNATIONAL,,,,FAMILY HEALTH INTERNATIONAL INC,USA,NC,DURHAM,DURHAM,NC-04,NC-04,277012477,TAJIKISTAN,,,,,,98.001,USAID FOREIGN ASSISTANCE FOR PROGRAMS OVERSEAS,,,,,,,https://www.usaspending.gov/award/ASST_NON_72011922CA00001_072/,2024-11-13
Department of State,Agency for International Development,FY2025P02,072,019,2023,2028,,1031,000,072-019-2023/2028-1031-000,"Global Health Programs, State",Department of State,Agency for International Development,International Affairs,International development and humanitarian assistance,019-1031,"Global Health Programs, State",0001,DIRECT GLOBAL HEALTH PROGRAM ACTIVITY,41.0,"Grants, subsidies, and contributions",D,Q,Not Designated Nonemergency/Emergency/Disaster/Wildfire Suppression,,478777.95,0.00,0.00,ASST_NON_72011922CA00001_072,,,72011922CA00001,,2022-09-27,2022,2024-08-16,2024,2022-10-01,2027-09-30,,05,COOPERATIVE AGREEMENT (B),,,TAJIKISTAN TUBERCULOSIS (TB) BILATERAL ACTIVITY,072,AGENCY FOR INTERNATIONAL DEVELOPMENT (USAID),7200,AGENCY FOR INTERNATIONAL DEVELOPMENT,720119,USAID/TAJIKISTAN,072,AGENCY FOR INTERNATIONAL DEVELOPMENT (USAID),7200,AGENCY FOR INTERNATIONAL DEVELOPMENT,720119,USAID/TAJIKISTAN,VRAASTY11EA3,,FAMILY HEALTH INTERNATIONAL,FAMILY HEALTH INTERNATIONAL,,,,FAMILY HEALTH INTERNATIONAL INC,USA,NC,DURHAM,DURHAM,NC-04,NC-04,277012477,TAJIKISTAN,,,,,,98.001,USAID FOREIGN ASSISTANCE FOR PROGRAMS OVERSEAS,,,,,,,https://www.usaspending.gov/award/ASST_NON_72011922CA00001_072/,2025-01-06
Department of State,Agency for International Development,FY2025P03,072,019,2023,2028,,1031,000,072-019-2023/2028-1031-000,"Global Health Programs, State",Department of State,Agency for International Development,International Affairs,International development and humanitarian assistance,019-1031,"Global Health Programs, State",0001,DIRECT GLOBAL HEALTH PROGRAM ACTIVITY,41.0,"Grants, subsidies, and contributions",D,Q,Not Designated Nonemergency/Emergency/Disaster/Wildfire Suppression,,781956.86,0.00,0.00,ASST_NON_72011922CA00001_072,,,72011922CA00001,,2022-09-27,2022,2024-08-16,2024,2022-10-01,2027-09-30,,05,COOPERATIVE AGREEMENT (B),,,TAJIKISTAN TUBERCULOSIS (TB) BILATERAL ACTIVITY,072,AGENCY FOR INTERNATIONAL DEVELOPMENT (USAID),7200,AGENCY FOR INTERNATIONAL DEVELOPMENT,720119,USAID/TAJIKISTAN,072,AGENCY FOR INTERNATIONAL DEVELOPMENT (USAID),7200,AGENCY FOR INTERNATIONAL DEVELOPMENT,720119,USAID/TAJIKISTAN,VRAASTY11EA3,,FAMILY HEALTH INTERNATIONAL,FAMILY HEALTH INTERNATIONAL,,,,FAMILY HEALTH INTERNATIONAL INC,USA,NC,DURHAM,DURHAM,NC-04,NC-04,277012477,TAJIKISTAN,,,,,,98.001,USAID FOREIGN ASSISTANCE FOR PROGRAMS OVERSEAS,,,,,,,https://www.usaspending.gov/award/ASST_NON_72011922CA00001_072/,2025-03-26
Department of State,Agency for International Development,FY2025P04,072,019,2023,2028,,1031,000,072-019-2023/2028-1031-000,"Global Health Programs, State",Department of State,Agency for International Development,International Affairs,International development and humanitarian assistance,019-1031,"Global Health Programs, State",0001,DIRECT GLOBAL HEALTH PROGRAM ACTIVITY,41.0,"Grants, subsidies, and contributions",D,Q,Not Designated Nonemergency/Emergency/Disaster/Wildfire Suppression,,1094904.10,0.00,0.00,ASST_NON_72011922CA00001_072,,,72011922CA00001,,2022-09-27,2022,2024-08-16,2024,2022-10-01,2027-09-30,,05,COOPERATIVE AGREEMENT (B),,,TAJIKISTAN TUBERCULOSIS (TB) BILATERAL ACTIVITY,072,AGENCY FOR INTERNATIONAL DEVELOPMENT (USAID),7200,AGENCY FOR INTERNATIONAL DEVELOPMENT,720119,USAID/TAJIKISTAN,072,AGENCY FOR INTERNATIONAL DEVELOPMENT (USAID),7200,AGENCY FOR INTERNATIONAL DEVELOPMENT,720119,USAID/TAJIKISTAN,VRAASTY11EA3,,FAMILY HEALTH INTERNATIONAL,FAMILY HEALTH INTERNATIONAL,,,,FAMILY HEALTH INTERNATIONAL INC,USA,NC,DURHAM,DURHAM,NC-04,NC-04,277012477,TAJIKISTAN,,,,,,98.001,USAID FOREIGN ASSISTANCE FOR PROGRAMS OVERSEAS,,,,,,,https://www.usaspending.gov/award/ASST_NON_72011922CA00001_072/,2025-03-26
Department of State,Agency for International Development,FY2025P05,072,019,2023,2028,,1031,000,072-019-2023/2028-1031-000,"Global Health Programs, State",Department of State,Agency for International Development,International Affairs,International development and humanitarian assistance,019-1031,"Global Health Programs, State",0001,DIRECT GLOBAL HEALTH PROGRAM ACTIVITY,41.0,"Grants, subsidies, and contributions",D,Q,Not Designated Nonemergency/Emergency/Disaster/Wildfire Suppression,,1094904.10,0.00,0.00,ASST_NON_72011922CA00001_072,,,72011922CA00001,,2022-09-27,2022,2024-08-16,2024,2022-10-01,2027-09-30,,05,COOPERATIVE AGREEMENT (B),,,TAJIKISTAN TUBERCULOSIS (TB) BILATERAL ACTIVITY,072,AGENCY FOR INTERNATIONAL DEVELOPMENT (USAID),7200,AGENCY FOR INTERNATIONAL DEVELOPMENT,720119,USAID/TAJIKISTAN,072,AGENCY FOR INTERNATIONAL DEVELOPMENT (USAID),7200,AGENCY FOR INTERNATIONAL DEVELOPMENT,720119,USAID/TAJIKISTAN,VRAASTY11EA3,,FAMILY HEALTH INTERNATIONAL,FAMILY HEALTH INTERNATIONAL,,,,FAMILY HEALTH INTERNATIONAL INC,USA,NC,DURHAM,DURHAM,NC-04,NC-04,277012477,TAJIKISTAN,,,,,,98.001,USAID FOREIGN ASSISTANCE FOR PROGRAMS OVERSEAS,,,,,,,https://www.usaspending.gov/award/ASST_NON_72011922CA00001_072/,2025-03-26
Department of State,Agency for International Development,FY2025P06,072,019,2023,2028,,1031,000,072-019-2023/2028-1031-000,"Global Health Programs, State",Department of State,Agency for International Development,International Affairs,International development and humanitarian assistance,019-1031,"Global Health Programs, State",0001,DIRECT GLOBAL HEALTH PROGRAM ACTIVITY,41.0,"Grants, subsidies, and contributions",D,Q,Not Designated Nonemergency/Emergency/Disaster/Wildfire Suppression,,1094904.10,0.00,0.00,ASST_NON_72011922CA00001_072,,,72011922CA00001,,2022-09-27,2022,2024-08-16,2024,2022-10-01,2027-09-30,,05,COOPERATIVE AGREEMENT (B),,,TAJIKISTAN TUBERCULOSIS (TB) BILATERAL ACTIVITY,072,AGENCY FOR INTERNATIONAL DEVELOPMENT (USAID),7200,AGENCY FOR INTERNATIONAL DEVELOPMENT,720119,USAID/TAJIKISTAN,072,AGENCY FOR INTERNATIONAL DEVELOPMENT (USAID),7200,AGENCY FOR INTERNATIONAL DEVELOPMENT,720119,USAID/TAJIKISTAN,VRAASTY11EA3,,FAMILY HEALTH INTERNATIONAL,FAMILY HEALTH INTERNATIONAL,,,,FAMILY HEALTH INTERNATIONAL INC,USA,NC,DURHAM,DURHAM,NC-04,NC-04,277012477,TAJIKISTAN,,,,,,98.001,USAID FOREIGN ASSISTANCE FOR PROGRAMS OVERSEAS,,,,,,,https://www.usaspending.gov/award/ASST_NON_72011922CA00001_072/,2025-05-05
Department of State,Agency for International Development,FY2025P07,072,019,2023,2028,,1031,000,072-019-2023/2028-1031-000,"Global Health Programs, State",Department of State,Agency for International Development,International Affairs,International development and humanitarian assistance,019-1031,"Global Health Programs, State",0001,DIRECT GLOBAL HEALTH PROGRAM ACTIVITY,41.0,"Grants, subsidies, and contributions",D,Q,Not Designated Nonemergency/Emergency/Disaster/Wildfire Suppression,,1094904.10,0.00,0.00,ASST_NON_72011922CA00001_072,,,72011922CA00001,,2022-09-27,2022,2024-08-16,2024,2022-10-01,2027-09-30,,05,COOPERATIVE AGREEMENT (B),,,TAJIKISTAN TUBERCULOSIS (TB) BILATERAL ACTIVITY,072,AGENCY FOR INTERNATIONAL DEVELOPMENT (USAID),7200,AGENCY FOR INTERNATIONAL DEVELOPMENT,720119,USAID/TAJIKISTAN,072,AGENCY FOR INTERNATIONAL DEVELOPMENT (USAID),7200,AGENCY FOR INTERNATIONAL DEVELOPMENT,720119,USAID/TAJIKISTAN,VRAASTY11EA3,,FAMILY HEALTH INTERNATIONAL,FAMILY HEALTH INTERNATIONAL,,,,FAMILY HEALTH INTERNATIONAL INC,USA,NC,DURHAM,DURHAM,NC-04,NC-04,277012477,TAJIKISTAN,,,,,,98.001,USAID FOREIGN ASSISTANCE FOR PROGRAMS OVERSEAS,,,,,,,https://www.usaspending.gov/award/ASST_NON_72011922CA00001_072/,2025-05-22
Department of State,Agency for International Development,FY2025P08,072,019,2023,2028,,1031,000,072-019-2023/2028-1031-000,"Global Health Programs, State",Department of State,Agency for International Development,International Affairs,International development and humanitarian assistance,019-1031,"Global Health Programs, State",0001,DIRECT GLOBAL HEALTH PROGRAM ACTIVITY,41.0,"Grants, subsidies, and contributions",D,Q,Not Designated Nonemergency/Emergency/Disaster/Wildfire Suppression,,1094904.10,0.00,0.00,ASST_NON_72011922CA00001_072,,,72011922CA00001,,2022-09-27,2022,2024-08-16,2024,2022-10-01,2027-09-30,,05,COOPERATIVE AGREEMENT (B),,,TAJIKISTAN TUBERCULOSIS (TB) BILATERAL ACTIVITY,072,AGENCY FOR INTERNATIONAL DEVELOPMENT (USAID),7200,AGENCY FOR INTERNATIONAL DEVELOPMENT,720119,USAID/TAJIKISTAN,072,AGENCY FOR INTERNATIONAL DEVELOPMENT (USAID),7200,AGENCY FOR INTERNATIONAL DEVELOPMENT,720119,USAID/TAJIKISTAN,VRAASTY11EA3,,FAMILY HEALTH INTERNATIONAL,FAMILY HEALTH INTERNATIONAL,,,,FAMILY HEALTH INTERNATIONAL INC,USA,NC,DURHAM,DURHAM,NC-04,NC-04,277012477,TAJIKISTAN,,,,,,98.001,USAID FOREIGN ASSISTANCE FOR PROGRAMS OVERSEAS,,,,,,,https://www.usaspending.gov/award/ASST_NON_72011922CA00001_072/,2025-06-30
Department of State,Agency for International Development,FY2025P09,072,019,2023,2028,,1031,000,072-019-2023/2028-1031-000,"Global Health Programs, State",Department of State,Agency for International Development,International Affairs,International development and humanitarian assistance,019-1031,"Global Health Programs, State",0001,DIRECT GLOBAL HEALTH PROGRAM ACTIVITY,41.0,"Grants, subsidies, and contributions",D,Q,Not Designated Nonemergency/Emergency/Disaster/Wildfire Suppression,,1094904.10,0.00,0.00,ASST_NON_72011922CA00001_072,,,72011922CA00001,,2022-09-27,2022,2024-08-16,2024,2022-10-01,2027-09-30,,05,COOPERATIVE AGREEMENT (B),,,TAJIKISTAN TUBERCULOSIS (TB) BILATERAL ACTIVITY,072,AGENCY FOR INTERNATIONAL DEVELOPMENT (USAID),7200,AGENCY FOR INTERNATIONAL DEVELOPMENT,720119,USAID/TAJIKISTAN,072,AGENCY FOR INTERNATIONAL DEVELOPMENT (USAID),7200,AGENCY FOR INTERNATIONAL DEVELOPMENT,720119,USAID/TAJIKISTAN,VRAASTY11EA3,,FAMILY HEALTH INTERNATIONAL,FAMILY HEALTH INTERNATIONAL,,,,FAMILY HEALTH INTERNATIONAL INC,USA,NC,DURHAM,DURHAM,NC-04,NC-04,277012477,TAJIKISTAN,,,,,,98.001,USAID FOREIGN ASSISTANCE FOR PROGRAMS OVERSEAS,,,,,,,https://www.usaspending.gov/award/ASST_NON_72011922CA00001_072/,2025-07-30
Department of State,Agency for International Development,FY2025P09,072,019,2024,2025,,1031,000,072-019-2024/2025-1031-000,"Global Health Programs, State",Department of State,Agency for International Development,International Affairs,International development and humanitarian assistance,019-1031,"Global Health Programs, State",0001,DIRECT GLOBAL HEALTH PROGRAM ACTIVITY,41.0,"Grants, subsidies, and contributions",D,Q,Not Designated Nonemergency/Emergency/Disaster/Wildfire Suppression,4000000.00,,,,ASST_NON_72011922CA00001_072,,,72011922CA00001,,2022-09-27,2022,2024-08-16,2024,2022-10-01,2027-09-30,,05,COOPERATIVE AGREEMENT (B),,,TAJIKISTAN TUBERCULOSIS (TB) BILATERAL ACTIVITY,072,AGENCY FOR INTERNATIONAL DEVELOPMENT (USAID),7200,AGENCY FOR INTERNATIONAL DEVELOPMENT,720119,USAID/TAJIKISTAN,072,AGENCY FOR INTERNATIONAL DEVELOPMENT (USAID),7200,AGENCY FOR INTERNATIONAL DEVELOPMENT,720119,USAID/TAJIKISTAN,VRAASTY11EA3,,FAMILY HEALTH INTERNATIONAL,FAMILY HEALTH INTERNATIONAL,,,,FAMILY HEALTH INTERNATIONAL INC,USA,NC,DURHAM,DURHAM,NC-04,NC-04,277012477,TAJIKISTAN,,,,,,98.001,USAID FOREIGN ASSISTANCE FOR PROGRAMS OVERSEAS,,,,,,,https://www.usaspending.gov/award/ASST_NON_72011922CA00001_072/,2025-07-30
Department of State,Agency for International Development,FY2025P10,072,019,2023,2028,,1031,000,072-019-2023/2028-1031-000,"Global Health Programs, State",Department of State,Agency for International Development,International Affairs,International development and humanitarian assistance,019-1031,"Global Health Programs, State",0001,DIRECT GLOBAL HEALTH PROGRAM ACTIVITY,41.0,"Grants, subsidies, and contributions",D,Q,Not Designated Nonemergency/Emergency/Disaster/Wildfire Suppression,,1094904.10,0.00,0.00,ASST_NON_72011922CA00001_072,,,72011922CA00001,,2022-09-27,2022,2024-08-16,2024,2022-10-01,2027-09-30,,05,COOPERATIVE AGREEMENT (B),,,TAJIKISTAN TUBERCULOSIS (TB) BILATERAL ACTIVITY,072,AGENCY FOR INTERNATIONAL DEVELOPMENT (USAID),7200,AGENCY FOR INTERNATIONAL DEVELOPMENT,720119,USAID/TAJIKISTAN,072,AGENCY FOR INTERNATIONAL DEVELOPMENT (USAID),7200,AGENCY FOR INTERNATIONAL DEVELOPMENT,720119,USAID/TAJIKISTAN,VRAASTY11EA3,,FAMILY HEALTH INTERNATIONAL,FAMILY HEALTH INTERNATIONAL,,,,FAMILY HEALTH INTERNATIONAL INC,USA,NC,DURHAM,DURHAM,NC-04,NC-04,277012477,TAJIKISTAN,,,,,,98.001,USAID FOREIGN ASSISTANCE FOR PROGRAMS OVERSEAS,,,,,,,https://www.usaspending.gov/award/ASST_NON_72011922CA00001_072/,2025-09-08
Department of State,Agency for International Development,FY2025P10,072,019,2024,2025,,1031,000,072-019-2024/2025-1031-000,"Global Health Programs, State",Department of State,Agency for International Development,International Affairs,International development and humanitarian assistance,019-1031,"Global Health Programs, State",0001,DIRECT GLOBAL HEALTH PROGRAM ACTIVITY,41.0,"Grants, subsidies, and contributions",D,Q,Not Designated Nonemergency/Emergency/Disaster/Wildfire Suppression,,693119.80,0.00,0.00,ASST_NON_72011922CA00001_072,,,72011922CA00001,,2022-09-27,2022,2024-08-16,2024,2022-10-01,2027-09-30,,05,COOPERATIVE AGREEMENT (B),,,TAJIKISTAN TUBERCULOSIS (TB) BILATERAL ACTIVITY,072,AGENCY FOR INTERNATIONAL DEVELOPMENT (USAID),7200,AGENCY FOR INTERNATIONAL DEVELOPMENT,720119,USAID/TAJIKISTAN,072,AGENCY FOR INTERNATIONAL DEVELOPMENT (USAID),7200,AGENCY FOR INTERNATIONAL DEVELOPMENT,720119,USAID/TAJIKISTAN,VRAASTY11EA3,,FAMILY HEALTH INTERNATIONAL,FAMILY HEALTH INTERNATIONAL,,,,FAMILY HEALTH INTERNATIONAL INC,USA,NC,DURHAM,DURHAM,NC-04,NC-04,277012477,TAJIKISTAN,,,,,,98.001,USAID FOREIGN ASSISTANCE FOR PROGRAMS OVERSEAS,,,,,,,https://www.usaspending.gov/award/ASST_NON_72011922CA00001_072/,2025-09-08
Department of State,Agency for International Development,FY2025P11,072,019,2023,2028,,1031,000,072-019-2023/2028-1031-000,"Global Health Programs, State",Department of State,Agency for International Development,International Affairs,International development and humanitarian assistance,019-1031,"Global Health Programs, State",0001,DIRECT GLOBAL HEALTH PROGRAM ACTIVITY,41.0,"Grants, subsidies, and contributions",D,Q,Not Designated Nonemergency/Emergency/Disaster/Wildfire Suppression,,1094904.10,0.00,0.00,ASST_NON_72011922CA00001_072,,,72011922CA00001,,2022-09-27,2022,2024-08-16,2024,2022-10-01,2027-09-30,,05,COOPERATIVE AGREEMENT (B),,,TAJIKISTAN TUBERCULOSIS (TB) BILATERAL ACTIVITY,072,AGENCY FOR INTERNATIONAL DEVELOPMENT (USAID),7200,AGENCY FOR INTERNATIONAL DEVELOPMENT,720119,USAID/TAJIKISTAN,072,AGENCY FOR INTERNATIONAL DEVELOPMENT (USAID),7200,AGENCY FOR INTERNATIONAL DEVELOPMENT,720119,USAID/TAJIKISTAN,VRAASTY11EA3,,FAMILY HEALTH INTERNATIONAL,FAMILY HEALTH INTERNATIONAL,,,,FAMILY HEALTH INTERNATIONAL INC,USA,NC,DURHAM,DURHAM,NC-04,NC-04,277012477,TAJIKISTAN,,,,,,98.001,USAID FOREIGN ASSISTANCE FOR PROGRAMS OVERSEAS,,,,,,,https://www.usaspending.gov/award/ASST_NON_72011922CA00001_072/,2025-09-30
Department of State,Agency for International Development,FY2025P11,072,019,2024,2025,,1031,000,072-019-2024/2025-1031-000,"Global Health Programs, State",Department of State,Agency for International Development,International Affairs,International development and humanitarian assistance,019-1031,"Global Health Programs, State",0001,DIRECT GLOBAL HEALTH PROGRAM ACTIVITY,41.0,"Grants, subsidies, and contributions",D,Q,Not Designated Nonemergency/Emergency/Disaster/Wildfire Suppression,,724179.96,0.00,0.00,ASST_NON_72011922CA00001_072,,,72011922CA00001,,2022-09-27,2022,2024-08-16,2024,2022-10-01,2027-09-30,,05,COOPERATIVE AGREEMENT (B),,,TAJIKISTAN TUBERCULOSIS (TB) BILATERAL ACTIVITY,072,AGENCY FOR INTERNATIONAL DEVELOPMENT (USAID),7200,AGENCY FOR INTERNATIONAL DEVELOPMENT,720119,USAID/TAJIKISTAN,072,AGENCY FOR INTERNATIONAL DEVELOPMENT (USAID),7200,AGENCY FOR INTERNATIONAL DEVELOPMENT,720119,USAID/TAJIKISTAN,VRAASTY11EA3,,FAMILY HEALTH INTERNATIONAL,FAMILY HEALTH INTERNATIONAL,,,,FAMILY HEALTH INTERNATIONAL INC,USA,NC,DURHAM,DURHAM,NC-04,NC-04,277012477,TAJIKISTAN,,,,,,98.001,USAID FOREIGN ASSISTANCE FOR PROGRAMS OVERSEAS,,,,,,,https://www.usaspending.gov/award/ASST_NON_72011922CA00001_072/,2025-09-30
Department of State,Agency for International Development,FY2025P12,072,019,2023,2028,,1031,000,072-019-2023/2028-1031-000,"Global Health Programs, State",Department of State,Agency for International Development,International Affairs,International development and humanitarian assistance,019-1031,"Global Health Programs, State",0001,DIRECT GLOBAL HEALTH PROGRAM ACTIVITY,41.0,"Grants, subsidies, and contributions",D,Q,Not Designated Nonemergency/Emergency/Disaster/Wildfire Suppression,,1094904.10,0.00,0.00,ASST_NON_72011922CA00001_072,,,72011922CA00001,,2022-09-27,2022,2024-08-16,2024,2022-10-01,2027-09-30,,05,COOPERATIVE AGREEMENT (B),,,TAJIKISTAN TUBERCULOSIS (TB) BILATERAL ACTIVITY,072,AGENCY FOR INTERNATIONAL DEVELOPMENT (USAID),7200,AGENCY FOR INTERNATIONAL DEVELOPMENT,720119,USAID/TAJIKISTAN,072,AGENCY FOR INTERNATIONAL DEVELOPMENT (USAID),7200,AGENCY FOR INTERNATIONAL DEVELOPMENT,720119,USAID/TAJIKISTAN,VRAASTY11EA3,,FAMILY HEALTH INTERNATIONAL,FAMILY HEALTH INTERNATIONAL,,,,FAMILY HEALTH INTERNATIONAL INC,USA,NC,DURHAM,DURHAM,NC-04,NC-04,277012477,TAJIKISTAN,,,,,,98.001,USAID FOREIGN ASSISTANCE FOR PROGRAMS OVERSEAS,,,,,,,https://www.usaspending.gov/award/ASST_NON_72011922CA00001_072/,2025-11-12
Department of State,Agency for International Development,FY2025P12,072,019,2024,2025,,1031,000,072-019-2024/2025-1031-000,"Global Health Programs, State",Department of State,Agency for International Development,International Affairs,International development and humanitarian assistance,019-1031,"Global Health Programs, State",0001,DIRECT GLOBAL HEALTH PROGRAM ACTIVITY,41.0,"Grants, subsidies, and contributions",D,Q,Not Designated Nonemergency/Emergency/Disaster/Wildfire Suppression,90810.00,,,,ASST_NON_72011922CA00001_072,,,72011922CA00001,,2022-09-27,2022,2024-08-16,2024,2022-10-01,2027-09-30,,05,COOPERATIVE AGREEMENT (B),,,TAJIKISTAN TUBERCULOSIS (TB) BILATERAL ACTIVITY,072,AGENCY FOR INTERNATIONAL DEVELOPMENT (USAID),7200,AGENCY FOR INTERNATIONAL DEVELOPMENT,720119,USAID/TAJIKISTAN,072,AGENCY FOR INTERNATIONAL DEVELOPMENT (USAID),7200,AGENCY FOR INTERNATIONAL DEVELOPMENT,720119,USAID/TAJIKISTAN,VRAASTY11EA3,,FAMILY HEALTH INTERNATIONAL,FAMILY HEALTH INTERNATIONAL,,,,FAMILY HEALTH INTERNATIONAL INC,USA,NC,DURHAM,DURHAM,NC-04,NC-04,277012477,TAJIKISTAN,,,,,,98.001,USAID FOREIGN ASSISTANCE FOR PROGRAMS OVERSEAS,,,,,,,https://www.usaspending.gov/award/ASST_NON_72011922CA00001_072/,2025-11-12
Department of State,Agency for International Development,FY2025P12,072,019,2024,2025,,1031,000,072-019-2024/2025-1031-000,"Global Health Programs, State",Department of State,Agency for International Development,International Affairs,International development and humanitarian assistance,019-1031,"Global Health Programs, State",0001,DIRECT GLOBAL HEALTH PROGRAM ACTIVITY,41.0,"Grants, subsidies, and contributions",D,Q,Not Designated Nonemergency/Emergency/Disaster/Wildfire Suppression,,1353170.39,0.00,0.00,ASST_NON_72011922CA00001_072,,,72011922CA00001,,2022-09-27,2022,2024-08-16,2024,2022-10-01,2027-09-30,,05,COOPERATIVE AGREEMENT (B),,,TAJIKISTAN TUBERCULOSIS (TB) BILATERAL ACTIVITY,072,AGENCY FOR INTERNATIONAL DEVELOPMENT (USAID),7200,AGENCY FOR INTERNATIONAL DEVELOPMENT,720119,USAID/TAJIKISTAN,072,AGENCY FOR INTERNATIONAL DEVELOPMENT (USAID),7200,AGENCY FOR INTERNATIONAL DEVELOPMENT,720119,USAID/TAJIKISTAN,VRAASTY11EA3,,FAMILY HEALTH INTERNATIONAL,FAMILY HEALTH INTERNATIONAL,,,,FAMILY HEALTH INTERNATIONAL INC,USA,NC,DURHAM,DURHAM,NC-04,NC-04,277012477,TAJIKISTAN,,,,,,98.001,USAID FOREIGN ASSISTANCE FOR PROGRAMS OVERSEAS,,,,,,,https://www.usaspending.gov/award/ASST_NON_72011922CA00001_072/,2025-11-12
