contract_transaction_unique_key,contract_award_unique_key,award_id_piid,modification_number,transaction_number,parent_award_agency_id,parent_award_agency_name,parent_award_id_piid,parent_award_modification_number,federal_action_obligation,total_dollars_obligated,total_outlayed_amount_for_overall_award,base_and_exercised_options_value,current_total_value_of_award,base_and_all_options_value,potential_total_value_of_award,disaster_emergency_fund_codes_for_overall_award,outlayed_amount_from_COVID-19_supplementals_for_overall_award,obligated_amount_from_COVID-19_supplementals_for_overall_award,outlayed_amount_from_IIJA_supplemental_for_overall_award,obligated_amount_from_IIJA_supplemental_for_overall_award,action_date,action_date_fiscal_year,period_of_performance_start_date,period_of_performance_current_end_date,period_of_performance_potential_end_date,ordering_period_end_date,solicitation_date,awarding_agency_code,awarding_agency_name,awarding_sub_agency_code,awarding_sub_agency_name,awarding_office_code,awarding_office_name,funding_agency_code,funding_agency_name,funding_sub_agency_code,funding_sub_agency_name,funding_office_code,funding_office_name,treasury_accounts_funding_this_award,federal_accounts_funding_this_award,object_classes_funding_this_award,program_activities_funding_this_award,foreign_funding,foreign_funding_description,sam_exception,sam_exception_description,recipient_uei,recipient_duns,recipient_name,recipient_name_raw,recipient_doing_business_as_name,cage_code,recipient_parent_uei,recipient_parent_duns,recipient_parent_name,recipient_parent_name_raw,recipient_country_code,recipient_country_name,recipient_address_line_1,recipient_address_line_2,recipient_city_name,prime_award_transaction_recipient_county_fips_code,recipient_county_name,prime_award_transaction_recipient_state_fips_code,recipient_state_code,recipient_state_name,recipient_zip_4_code,prime_award_transaction_recipient_cd_original,prime_award_transaction_recipient_cd_current,recipient_phone_number,recipient_fax_number,primary_place_of_performance_country_code,primary_place_of_performance_country_name,primary_place_of_performance_city_name,prime_award_transaction_place_of_performance_county_fips_code,primary_place_of_performance_county_name,prime_award_transaction_place_of_performance_state_fips_code,primary_place_of_performance_state_code,primary_place_of_performance_state_name,primary_place_of_performance_zip_4,prime_award_transaction_place_of_performance_cd_original,prime_award_transaction_place_of_performance_cd_current,award_or_idv_flag,award_type_code,award_type,idv_type_code,idv_type,multiple_or_single_award_idv_code,multiple_or_single_award_idv,type_of_idc_code,type_of_idc,type_of_contract_pricing_code,type_of_contract_pricing,transaction_description,prime_award_base_transaction_description,action_type_code,action_type,solicitation_identifier,number_of_actions,inherently_governmental_functions,inherently_governmental_functions_description,product_or_service_code,product_or_service_code_description,contract_bundling_code,contract_bundling,dod_claimant_program_code,dod_claimant_program_description,naics_code,naics_description,recovered_materials_sustainability_code,recovered_materials_sustainability,domestic_or_foreign_entity_code,domestic_or_foreign_entity,dod_acquisition_program_code,dod_acquisition_program_description,information_technology_commercial_item_category_code,information_technology_commercial_item_category,epa_designated_product_code,epa_designated_product,country_of_product_or_service_origin_code,country_of_product_or_service_origin,place_of_manufacture_code,place_of_manufacture,subcontracting_plan_code,subcontracting_plan,extent_competed_code,extent_competed,solicitation_procedures_code,solicitation_procedures,type_of_set_aside_code,type_of_set_aside,evaluated_preference_code,evaluated_preference,research_code,research,fair_opportunity_limited_sources_code,fair_opportunity_limited_sources,other_than_full_and_open_competition_code,other_than_full_and_open_competition,number_of_offers_received,commercial_item_acquisition_procedures_code,commercial_item_acquisition_procedures,small_business_competitiveness_demonstration_program,simplified_procedures_for_certain_commercial_items_code,simplified_procedures_for_certain_commercial_items,a76_fair_act_action_code,a76_fair_act_action,fed_biz_opps_code,fed_biz_opps,local_area_set_aside_code,local_area_set_aside,price_evaluation_adjustment_preference_percent_difference,clinger_cohen_act_planning_code,clinger_cohen_act_planning,materials_supplies_articles_equipment_code,materials_supplies_articles_equipment,labor_standards_code,labor_standards,construction_wage_rate_requirements_code,construction_wage_rate_requirements,interagency_contracting_authority_code,interagency_contracting_authority,other_statutory_authority,program_acronym,parent_award_type_code,parent_award_type,parent_award_single_or_multiple_code,parent_award_single_or_multiple,major_program,national_interest_action_code,national_interest_action,cost_or_pricing_data_code,cost_or_pricing_data,cost_accounting_standards_clause_code,cost_accounting_standards_clause,government_furnished_property_code,government_furnished_property,sea_transportation_code,sea_transportation,undefinitized_action_code,undefinitized_action,consolidated_contract_code,consolidated_contract,performance_based_service_acquisition_code,performance_based_service_acquisition,multi_year_contract_code,multi_year_contract,contract_financing_code,contract_financing,purchase_card_as_payment_method_code,purchase_card_as_payment_method,contingency_humanitarian_or_peacekeeping_operation_code,contingency_humanitarian_or_peacekeeping_operation,alaskan_native_corporation_owned_firm,american_indian_owned_business,indian_tribe_federally_recognized,native_hawaiian_organization_owned_firm,tribally_owned_firm,veteran_owned_business,service_disabled_veteran_owned_business,woman_owned_business,women_owned_small_business,economically_disadvantaged_women_owned_small_business,joint_venture_women_owned_small_business,joint_venture_economic_disadvantaged_women_owned_small_bus,minority_owned_business,subcontinent_asian_asian_indian_american_owned_business,asian_pacific_american_owned_business,black_american_owned_business,hispanic_american_owned_business,native_american_owned_business,other_minority_owned_business,contracting_officers_determination_of_business_size,contracting_officers_determination_of_business_size_code,emerging_small_business,community_developed_corporation_owned_firm,labor_surplus_area_firm,us_federal_government,federally_funded_research_and_development_corp,federal_agency,us_state_government,us_local_government,city_local_government,county_local_government,inter_municipal_local_government,local_government_owned,municipality_local_government,school_district_local_government,township_local_government,us_tribal_government,foreign_government,organizational_type,corporate_entity_not_tax_exempt,corporate_entity_tax_exempt,partnership_or_limited_liability_partnership,sole_proprietorship,small_agricultural_cooperative,international_organization,us_government_entity,community_development_corporation,domestic_shelter,educational_institution,foundation,hospital_flag,manufacturer_of_goods,veterinary_hospital,hispanic_servicing_institution,receives_contracts,receives_financial_assistance,receives_contracts_and_financial_assistance,airport_authority,council_of_governments,housing_authorities_public_tribal,interstate_entity,planning_commission,port_authority,transit_authority,subchapter_scorporation,limited_liability_corporation,foreign_owned,for_profit_organization,nonprofit_organization,other_not_for_profit_organization,the_ability_one_program,private_university_or_college,state_controlled_institution_of_higher_learning,1862_land_grant_college,1890_land_grant_college,1994_land_grant_college,minority_institution,historically_black_college,tribal_college,alaskan_native_servicing_institution,native_hawaiian_servicing_institution,school_of_forestry,veterinary_college,dot_certified_disadvantage,self_certified_small_disadvantaged_business,small_disadvantaged_business,c8a_program_participant,historically_underutilized_business_zone_hubzone_firm,sba_certified_8a_joint_venture,highly_compensated_officer_1_name,highly_compensated_officer_1_amount,highly_compensated_officer_2_name,highly_compensated_officer_2_amount,highly_compensated_officer_3_name,highly_compensated_officer_3_amount,highly_compensated_officer_4_name,highly_compensated_officer_4_amount,highly_compensated_officer_5_name,highly_compensated_officer_5_amount,usaspending_permalink,initial_report_date,last_modified_date
7200_4732_7200AA23M00003_P00009_47QRAD20D1100_0,CONT_AWD_7200AA23M00003_7200_47QRAD20D1100_4732,7200AA23M00003,P00009,0,4732,FEDERAL ACQUISITION SERVICE,47QRAD20D1100,0,13874780.00,43473795.00,9046228.99,0.00,106690553.00,0.00,106690553.00,Q: Not Designated Nonemergency/Emergency/Disaster/Wildfire Suppression,,,,,2023-09-20,2023,2023-09-20,2028-09-19,2028-09-19 00:00:00,,2023-06-30,072,Agency for International Development,7200,Agency for International Development,7200AA,USAID M/OAA,072,Agency for International Development,7200,Agency for International Development,7200GH,USAID GH,072-019-2017/2022-1031-000;072-019-2017/2025-1031-000;072-019-2018/2026-1031-000;072-019-2020/2024-1031-000;072-019-2020/2025-1031-000;072-019-2020/2028-1031-000;072-019-2021/2025-1031-000;072-019-2021/2026-1031-000;072-019-2022/2023-1031-000;072-019-2022/2026-1031-000;072-019-2022/2027-1031-000;072-019-2023/2024-1031-000;072-019-2023/2028-1031-000;072-019-2024/2025-1031-000;072-019-2024/2028-1031-000,019-1031,"41.0: Grants, subsidies, and contributions",0001: DIRECT GLOBAL HEALTH PROGRAM ACTIVITY,X,NOT APPLICABLE,,,DEMTGHL79QK4,,"GLOBAL SOLUTIONS VENTURES, LLC","GLOBAL SOLUTIONS VENTURES, LLC",,7WRU2,DEMTGHL79QK4,,"GLOBAL SOLUTIONS VENTURES, LLC",GLOBAL SOLUTIONS VENTURES  LLC,USA,UNITED STATES,3 BETHESDA METRO CENTER STE 700,,BETHESDA,24031,MONTGOMERY,24,MD,MARYLAND,208146300,MD-08,MD-08,2408132523,,MDA,MOLDOVA,,,,,,,,,,AWARD,C,DELIVERY ORDER,,,,,,,U,COST PLUS FIXED FEE,LEAP GLOBAL,LEAP GLOBAL,C,FUNDING ONLY ACTION,,1,OT,OTHER FUNCTIONS,R425,SUPPORT- PROFESSIONAL: ENGINEERING/TECHNICAL,H,NOT BUNDLED,,,541330,ENGINEERING SERVICES,C,NO CLAUSES INCLUDED AND NO SUSTAINABILITY INCLUDED,A,U.S. OWNED BUSINESS,,,,,E,NOT REQUIRED,USA,UNITED STATES,C,NOT A MANUFACTURED END PRODUCT,B,PLAN NOT REQUIRED,D,FULL AND OPEN COMPETITION AFTER EXCLUSION OF SOURCES,MAFO,SUBJECT TO MULTIPLE AWARD FAIR OPPORTUNITY,SBA,SMALL BUSINESS SET ASIDE - TOTAL,NONE,NO PREFERENCE USED,,,CSA,COMPETITIVE SET ASIDE,,,6,D,COMMERCIAL PRODUCTS/SERVICES PROCEDURES NOT USED,f,N,NO,N,NO,Y,YES,N,NO,,N,NO,X,NOT APPLICABLE,N,NO,X,NOT APPLICABLE,X,NOT APPLICABLE,,,B,IDC,M,MULTIPLE AWARD,,NONE,NONE,N,NO,X,NOT APPLICABLE EXEMPT FROM CAS,N,TRANSACTION DOES NOT USE GFE/GFP,,,X,NO,D,NOT CONSOLIDATED,Y,YES - SERVICE WHERE PBA IS USED.,N,NO,,,N,NO,X,NOT APPLICABLE,f,f,f,f,f,f,f,t,t,t,t,t,t,f,f,f,t,f,f,SMALL BUSINESS,S,f,f,f,f,f,f,f,f,f,f,f,f,f,f,f,f,f,PARTNERSHIP,f,f,t,f,f,f,f,f,f,f,f,f,f,f,f,f,f,t,f,f,f,f,f,f,f,f,t,f,t,f,f,f,f,f,f,f,f,f,f,f,f,f,f,f,f,t,f,f,f,t,,,,,,,,,,,https://www.usaspending.gov/award/CONT_AWD_7200AA23M00003_7200_47QRAD20D1100_4732/,2025-06-26,2025-07-02
7200_4732_7200AA23M00003_P00001_47QRAD20D1100_0,CONT_AWD_7200AA23M00003_7200_47QRAD20D1100_4732,7200AA23M00003,P00001,0,4732,FEDERAL ACQUISITION SERVICE,47QRAD20D1100,0,0.00,3000000.00,9046228.99,0.00,106690553.00,0.00,106690553.00,Q: Not Designated Nonemergency/Emergency/Disaster/Wildfire Suppression,,,,,2023-11-16,2024,2023-09-20,2028-09-19,2028-09-19 00:00:00,,2023-06-30,072,Agency for International Development,7200,Agency for International Development,7200AA,USAID M/OAA,072,Agency for International Development,7200,Agency for International Development,7200AA,USAID M/OAA,072-019-2017/2022-1031-000;072-019-2017/2025-1031-000;072-019-2018/2026-1031-000;072-019-2020/2024-1031-000;072-019-2020/2025-1031-000;072-019-2020/2028-1031-000;072-019-2021/2025-1031-000;072-019-2021/2026-1031-000;072-019-2022/2023-1031-000;072-019-2022/2026-1031-000;072-019-2022/2027-1031-000;072-019-2023/2024-1031-000;072-019-2023/2028-1031-000;072-019-2024/2025-1031-000;072-019-2024/2028-1031-000,019-1031,"41.0: Grants, subsidies, and contributions",0001: DIRECT GLOBAL HEALTH PROGRAM ACTIVITY,X,NOT APPLICABLE,,,DEMTGHL79QK4,,"GLOBAL SOLUTIONS VENTURES, LLC","GLOBAL SOLUTIONS VENTURES, LLC",,7WRU2,DEMTGHL79QK4,,"GLOBAL SOLUTIONS VENTURES, LLC",GLOBAL SOLUTIONS VENTURES  LLC,USA,UNITED STATES,3 BETHESDA METRO CENTER STE 700,,BETHESDA,24031,MONTGOMERY,24,MD,MARYLAND,208146300,MD-08,MD-08,2408132523,,USA,UNITED STATES,WASHINGTON,11001,DISTRICT OF COLUMBIA,11,DC,DISTRICT OF COLUMBIA,205230001,DC-98,DC-98,AWARD,C,DELIVERY ORDER,,,,,,,U,COST PLUS FIXED FEE,LEAP GLOBAL,LEAP GLOBAL,M,OTHER ADMINISTRATIVE ACTION,,1,OT,OTHER FUNCTIONS,R425,SUPPORT- PROFESSIONAL: ENGINEERING/TECHNICAL,H,NOT BUNDLED,,,541330,ENGINEERING SERVICES,C,NO CLAUSES INCLUDED AND NO SUSTAINABILITY INCLUDED,A,U.S. OWNED BUSINESS,,,,,E,NOT REQUIRED,USA,UNITED STATES,C,NOT A MANUFACTURED END PRODUCT,B,PLAN NOT REQUIRED,D,FULL AND OPEN COMPETITION AFTER EXCLUSION OF SOURCES,MAFO,SUBJECT TO MULTIPLE AWARD FAIR OPPORTUNITY,SBA,SMALL BUSINESS SET ASIDE - TOTAL,NONE,NO PREFERENCE USED,,,CSA,COMPETITIVE SET ASIDE,,,6,D,COMMERCIAL PRODUCTS/SERVICES PROCEDURES NOT USED,f,N,NO,N,NO,Y,YES,N,NO,,N,NO,X,NOT APPLICABLE,N,NO,X,NOT APPLICABLE,X,NOT APPLICABLE,,,B,IDC,M,MULTIPLE AWARD,,NONE,NONE,N,NO,X,NOT APPLICABLE EXEMPT FROM CAS,N,TRANSACTION DOES NOT USE GFE/GFP,,,X,NO,D,NOT CONSOLIDATED,Y,YES - SERVICE WHERE PBA IS USED.,N,NO,,,N,NO,X,NOT APPLICABLE,f,f,f,f,f,f,f,t,t,t,t,t,t,f,f,f,t,f,f,SMALL BUSINESS,S,f,f,f,f,f,f,f,f,f,f,f,f,f,f,f,f,f,PARTNERSHIP,f,f,t,f,f,f,f,f,f,f,f,f,f,f,f,f,f,t,f,f,f,f,f,f,f,f,t,f,t,f,f,f,f,f,f,f,f,f,f,f,f,f,f,f,f,t,f,f,f,t,,,,,,,,,,,https://www.usaspending.gov/award/CONT_AWD_7200AA23M00003_7200_47QRAD20D1100_4732/,2023-11-15,2023-11-16
7200_4732_7200AA23M00003_0_47QRAD20D1100_0,CONT_AWD_7200AA23M00003_7200_47QRAD20D1100_4732,7200AA23M00003,0,0,4732,FEDERAL ACQUISITION SERVICE,47QRAD20D1100,0,3000000.00,3000000.00,9046228.99,106690553.00,106690553.00,106690553.00,106690553.00,Q: Not Designated Nonemergency/Emergency/Disaster/Wildfire Suppression,,,,,2023-09-20,2023,2023-09-20,2028-09-19,2028-09-19 00:00:00,,2023-06-30,072,Agency for International Development,7200,Agency for International Development,7200AA,USAID M/OAA,072,Agency for International Development,7200,Agency for International Development,7200GH,USAID GH,072-019-2017/2022-1031-000;072-019-2017/2025-1031-000;072-019-2018/2026-1031-000;072-019-2020/2024-1031-000;072-019-2020/2025-1031-000;072-019-2020/2028-1031-000;072-019-2021/2025-1031-000;072-019-2021/2026-1031-000;072-019-2022/2023-1031-000;072-019-2022/2026-1031-000;072-019-2022/2027-1031-000;072-019-2023/2024-1031-000;072-019-2023/2028-1031-000;072-019-2024/2025-1031-000;072-019-2024/2028-1031-000,019-1031,"41.0: Grants, subsidies, and contributions",0001: DIRECT GLOBAL HEALTH PROGRAM ACTIVITY,X,NOT APPLICABLE,,,DEMTGHL79QK4,,"GLOBAL SOLUTIONS VENTURES, LLC","GLOBAL SOLUTIONS VENTURES, LLC",,7WRU2,DEMTGHL79QK4,,"GLOBAL SOLUTIONS VENTURES, LLC",GLOBAL SOLUTIONS VENTURES  LLC,USA,UNITED STATES,3 BETHESDA METRO CENTER STE 700,,BETHESDA,24031,MONTGOMERY,24,MD,MARYLAND,208146300,MD-08,MD-08,2408132523,,USA,UNITED STATES,WASHINGTON,11001,DISTRICT OF COLUMBIA,11,DC,DISTRICT OF COLUMBIA,205230001,DC-98,DC-98,AWARD,C,DELIVERY ORDER,,,,,,,U,COST PLUS FIXED FEE,LEAP GLOBAL,LEAP GLOBAL,,,,1,OT,OTHER FUNCTIONS,R425,SUPPORT- PROFESSIONAL: ENGINEERING/TECHNICAL,H,NOT BUNDLED,,,541330,ENGINEERING SERVICES,C,NO CLAUSES INCLUDED AND NO SUSTAINABILITY INCLUDED,A,U.S. OWNED BUSINESS,,,,,E,NOT REQUIRED,USA,UNITED STATES,C,NOT A MANUFACTURED END PRODUCT,B,PLAN NOT REQUIRED,D,FULL AND OPEN COMPETITION AFTER EXCLUSION OF SOURCES,MAFO,SUBJECT TO MULTIPLE AWARD FAIR OPPORTUNITY,SBA,SMALL BUSINESS SET ASIDE - TOTAL,NONE,NO PREFERENCE USED,,,CSA,COMPETITIVE SET ASIDE,,,6,D,COMMERCIAL PRODUCTS/SERVICES PROCEDURES NOT USED,f,N,NO,N,NO,Y,YES,N,NO,,N,NO,X,NOT APPLICABLE,N,NO,X,NOT APPLICABLE,X,NOT APPLICABLE,,,B,IDC,M,MULTIPLE AWARD,,NONE,NONE,N,NO,X,NOT APPLICABLE EXEMPT FROM CAS,N,TRANSACTION DOES NOT USE GFE/GFP,,,X,NO,D,NOT CONSOLIDATED,Y,YES - SERVICE WHERE PBA IS USED.,N,NO,,,N,NO,X,NOT APPLICABLE,f,f,f,f,f,f,f,t,t,t,t,t,t,f,f,f,t,f,f,SMALL BUSINESS,S,f,f,f,f,f,f,f,f,f,f,f,f,f,f,f,f,f,PARTNERSHIP,f,f,t,f,f,f,f,f,f,f,f,f,f,f,f,f,f,t,f,f,f,f,f,f,f,f,t,f,t,f,f,f,f,f,f,f,f,f,f,f,f,f,f,f,f,t,f,f,f,t,,,,,,,,,,,https://www.usaspending.gov/award/CONT_AWD_7200AA23M00003_7200_47QRAD20D1100_4732/,2023-08-28,2023-09-20
7200_4732_7200AA23M00003_P00010_47QRAD20D1100_0,CONT_AWD_7200AA23M00003_7200_47QRAD20D1100_4732,7200AA23M00003,P00010,0,4732,FEDERAL ACQUISITION SERVICE,47QRAD20D1100,0,14249005.00,43473795.00,9046228.99,0.00,106690553.00,0.00,106690553.00,Q: Not Designated Nonemergency/Emergency/Disaster/Wildfire Suppression,,,,,2023-09-20,2023,2023-09-20,2028-09-19,2028-09-19 00:00:00,,2023-06-30,072,Agency for International Development,7200,Agency for International Development,7200AA,USAID M/OAA,072,Agency for International Development,7200,Agency for International Development,7200GH,USAID GH,072-019-2017/2022-1031-000;072-019-2017/2025-1031-000;072-019-2018/2026-1031-000;072-019-2020/2024-1031-000;072-019-2020/2025-1031-000;072-019-2020/2028-1031-000;072-019-2021/2025-1031-000;072-019-2021/2026-1031-000;072-019-2022/2023-1031-000;072-019-2022/2026-1031-000;072-019-2022/2027-1031-000;072-019-2023/2024-1031-000;072-019-2023/2028-1031-000;072-019-2024/2025-1031-000;072-019-2024/2028-1031-000,019-1031,"41.0: Grants, subsidies, and contributions",0001: DIRECT GLOBAL HEALTH PROGRAM ACTIVITY,X,NOT APPLICABLE,,,DEMTGHL79QK4,,"GLOBAL SOLUTIONS VENTURES, LLC","GLOBAL SOLUTIONS VENTURES, LLC",,7WRU2,DEMTGHL79QK4,,"GLOBAL SOLUTIONS VENTURES, LLC",GLOBAL SOLUTIONS VENTURES  LLC,USA,UNITED STATES,3 BETHESDA METRO CENTER STE 700,,BETHESDA,24031,MONTGOMERY,24,MD,MARYLAND,208146300,MD-08,MD-08,2408132523,,MDA,MOLDOVA,,,,,,,,,,AWARD,C,DELIVERY ORDER,,,,,,,U,COST PLUS FIXED FEE,LEAP GLOBAL,LEAP GLOBAL,C,FUNDING ONLY ACTION,,1,OT,OTHER FUNCTIONS,R425,SUPPORT- PROFESSIONAL: ENGINEERING/TECHNICAL,H,NOT BUNDLED,,,541330,ENGINEERING SERVICES,C,NO CLAUSES INCLUDED AND NO SUSTAINABILITY INCLUDED,A,U.S. OWNED BUSINESS,,,,,E,NOT REQUIRED,USA,UNITED STATES,C,NOT A MANUFACTURED END PRODUCT,B,PLAN NOT REQUIRED,D,FULL AND OPEN COMPETITION AFTER EXCLUSION OF SOURCES,MAFO,SUBJECT TO MULTIPLE AWARD FAIR OPPORTUNITY,SBA,SMALL BUSINESS SET ASIDE - TOTAL,NONE,NO PREFERENCE USED,,,CSA,COMPETITIVE SET ASIDE,,,6,D,COMMERCIAL PRODUCTS/SERVICES PROCEDURES NOT USED,f,N,NO,N,NO,Y,YES,N,NO,,N,NO,X,NOT APPLICABLE,N,NO,X,NOT APPLICABLE,X,NOT APPLICABLE,,,B,IDC,M,MULTIPLE AWARD,,NONE,NONE,N,NO,X,NOT APPLICABLE EXEMPT FROM CAS,N,TRANSACTION DOES NOT USE GFE/GFP,,,X,NO,D,NOT CONSOLIDATED,Y,YES - SERVICE WHERE PBA IS USED.,N,NO,,,N,NO,X,NOT APPLICABLE,f,f,f,f,f,f,f,t,t,t,t,t,t,f,f,f,t,f,f,SMALL BUSINESS,S,f,f,f,f,f,f,f,f,f,f,f,f,f,f,f,f,f,PARTNERSHIP,f,f,t,f,f,f,f,f,f,f,f,f,f,f,f,f,f,t,f,f,f,f,f,f,f,f,t,f,t,f,f,f,f,f,f,f,f,f,f,f,f,f,f,f,f,t,f,f,f,t,,,,,,,,,,,https://www.usaspending.gov/award/CONT_AWD_7200AA23M00003_7200_47QRAD20D1100_4732/,2025-06-30,2025-06-30
7200_4732_7200AA23M00003_P00011_47QRAD20D1100_0,CONT_AWD_7200AA23M00003_7200_47QRAD20D1100_4732,7200AA23M00003,P00011,0,4732,FEDERAL ACQUISITION SERVICE,47QRAD20D1100,0,0.00,43473795.00,9046228.99,0.00,106690553.00,0.00,106690553.00,Q: Not Designated Nonemergency/Emergency/Disaster/Wildfire Suppression,,,,,2025-07-09,2025,2023-09-20,2028-09-19,2028-09-19 00:00:00,,2023-06-30,072,Agency for International Development,7200,Agency for International Development,7200AA,USAID M/OAA,072,Agency for International Development,7200,Agency for International Development,7231ES,USAID,072-019-2017/2022-1031-000;072-019-2017/2025-1031-000;072-019-2018/2026-1031-000;072-019-2020/2024-1031-000;072-019-2020/2025-1031-000;072-019-2020/2028-1031-000;072-019-2021/2025-1031-000;072-019-2021/2026-1031-000;072-019-2022/2023-1031-000;072-019-2022/2026-1031-000;072-019-2022/2027-1031-000;072-019-2023/2024-1031-000;072-019-2023/2028-1031-000;072-019-2024/2025-1031-000;072-019-2024/2028-1031-000,019-1031,"41.0: Grants, subsidies, and contributions",0001: DIRECT GLOBAL HEALTH PROGRAM ACTIVITY,X,NOT APPLICABLE,,,DEMTGHL79QK4,,"GLOBAL SOLUTIONS VENTURES, LLC","GLOBAL SOLUTIONS VENTURES, LLC",,7WRU2,DEMTGHL79QK4,,"GLOBAL SOLUTIONS VENTURES, LLC",GLOBAL SOLUTIONS VENTURES  LLC,USA,UNITED STATES,3 BETHESDA METRO CENTER STE 700,,BETHESDA,24031,MONTGOMERY,24,MD,MARYLAND,208146300,MD-08,MD-08,2408132523,,MDA,MOLDOVA,,,,,,,,,,AWARD,C,DELIVERY ORDER,,,,,,,U,COST PLUS FIXED FEE,LEAP GLOBAL,LEAP GLOBAL,M,OTHER ADMINISTRATIVE ACTION,,1,OT,OTHER FUNCTIONS,R425,SUPPORT- PROFESSIONAL: ENGINEERING/TECHNICAL,H,NOT BUNDLED,,,541330,ENGINEERING SERVICES,C,NO CLAUSES INCLUDED AND NO SUSTAINABILITY INCLUDED,A,U.S. OWNED BUSINESS,,,,,E,NOT REQUIRED,USA,UNITED STATES,C,NOT A MANUFACTURED END PRODUCT,B,PLAN NOT REQUIRED,D,FULL AND OPEN COMPETITION AFTER EXCLUSION OF SOURCES,MAFO,SUBJECT TO MULTIPLE AWARD FAIR OPPORTUNITY,SBA,SMALL BUSINESS SET ASIDE - TOTAL,NONE,NO PREFERENCE USED,,,CSA,COMPETITIVE SET ASIDE,,,6,D,COMMERCIAL PRODUCTS/SERVICES PROCEDURES NOT USED,f,N,NO,N,NO,Y,YES,N,NO,,N,NO,X,NOT APPLICABLE,N,NO,X,NOT APPLICABLE,X,NOT APPLICABLE,,,B,IDC,M,MULTIPLE AWARD,,,,N,NO,X,NOT APPLICABLE EXEMPT FROM CAS,N,TRANSACTION DOES NOT USE GFE/GFP,,,X,NO,D,NOT CONSOLIDATED,Y,YES - SERVICE WHERE PBA IS USED.,N,NO,,,N,NO,X,NOT APPLICABLE,f,f,f,f,f,f,f,t,t,t,t,t,t,f,f,f,t,f,f,SMALL BUSINESS,S,f,f,f,f,f,f,f,f,f,f,f,f,f,f,f,f,f,PARTNERSHIP,f,f,t,f,f,f,f,f,f,f,f,f,f,f,f,f,f,t,f,f,f,f,f,f,f,f,t,f,t,f,f,f,f,f,f,f,f,f,f,f,f,f,f,f,f,t,f,f,f,t,,,,,,,,,,,https://www.usaspending.gov/award/CONT_AWD_7200AA23M00003_7200_47QRAD20D1100_4732/,2025-07-09,2025-07-09
7200_4732_7200AA23M00003_P00008_47QRAD20D1100_0,CONT_AWD_7200AA23M00003_7200_47QRAD20D1100_4732,7200AA23M00003,P00008,0,4732,FEDERAL ACQUISITION SERVICE,47QRAD20D1100,0,3375367.00,15350010.00,9046228.99,0.00,106690553.00,0.00,106690553.00,Q: Not Designated Nonemergency/Emergency/Disaster/Wildfire Suppression,,,,,2024-12-19,2025,2023-09-20,2028-09-19,2028-09-19 00:00:00,,2023-06-30,072,Agency for International Development,7200,Agency for International Development,7200AA,USAID M/OAA,072,Agency for International Development,7200,Agency for International Development,7200GH,USAID GH,072-019-2017/2022-1031-000;072-019-2017/2025-1031-000;072-019-2018/2026-1031-000;072-019-2020/2024-1031-000;072-019-2020/2025-1031-000;072-019-2020/2028-1031-000;072-019-2021/2025-1031-000;072-019-2021/2026-1031-000;072-019-2022/2023-1031-000;072-019-2022/2026-1031-000;072-019-2022/2027-1031-000;072-019-2023/2024-1031-000;072-019-2023/2028-1031-000;072-019-2024/2025-1031-000;072-019-2024/2028-1031-000,019-1031,"41.0: Grants, subsidies, and contributions",0001: DIRECT GLOBAL HEALTH PROGRAM ACTIVITY,X,NOT APPLICABLE,,,DEMTGHL79QK4,,"GLOBAL SOLUTIONS VENTURES, LLC","GLOBAL SOLUTIONS VENTURES, LLC",,7WRU2,DEMTGHL79QK4,,"GLOBAL SOLUTIONS VENTURES, LLC",GLOBAL SOLUTIONS VENTURES  LLC,USA,UNITED STATES,3 BETHESDA METRO CENTER STE 700,,BETHESDA,24031,MONTGOMERY,24,MD,MARYLAND,208146300,MD-08,MD-08,2408132523,,MDA,MOLDOVA,,,,,,,,,,AWARD,C,DELIVERY ORDER,,,,,,,U,COST PLUS FIXED FEE,LEAP GLOBAL,LEAP GLOBAL,M,OTHER ADMINISTRATIVE ACTION,,1,OT,OTHER FUNCTIONS,R425,SUPPORT- PROFESSIONAL: ENGINEERING/TECHNICAL,H,NOT BUNDLED,,,541330,ENGINEERING SERVICES,C,NO CLAUSES INCLUDED AND NO SUSTAINABILITY INCLUDED,A,U.S. OWNED BUSINESS,,,,,E,NOT REQUIRED,USA,UNITED STATES,C,NOT A MANUFACTURED END PRODUCT,B,PLAN NOT REQUIRED,D,FULL AND OPEN COMPETITION AFTER EXCLUSION OF SOURCES,MAFO,SUBJECT TO MULTIPLE AWARD FAIR OPPORTUNITY,SBA,SMALL BUSINESS SET ASIDE - TOTAL,NONE,NO PREFERENCE USED,,,CSA,COMPETITIVE SET ASIDE,,,6,D,COMMERCIAL PRODUCTS/SERVICES PROCEDURES NOT USED,f,N,NO,N,NO,Y,YES,N,NO,,N,NO,X,NOT APPLICABLE,N,NO,X,NOT APPLICABLE,X,NOT APPLICABLE,,,B,IDC,M,MULTIPLE AWARD,,,,N,NO,X,NOT APPLICABLE EXEMPT FROM CAS,N,TRANSACTION DOES NOT USE GFE/GFP,,,X,NO,D,NOT CONSOLIDATED,Y,YES - SERVICE WHERE PBA IS USED.,N,NO,,,N,NO,X,NOT APPLICABLE,f,f,f,f,f,f,f,t,t,t,t,t,t,f,f,f,t,f,f,SMALL BUSINESS,S,f,f,f,f,f,f,f,f,f,f,f,f,f,f,f,f,f,PARTNERSHIP,f,f,t,f,f,f,f,f,f,f,f,f,f,f,f,f,f,t,f,f,f,f,f,f,f,f,t,f,t,f,f,f,f,f,f,f,f,f,f,f,f,f,f,f,f,t,f,f,f,t,,,,,,,,,,,https://www.usaspending.gov/award/CONT_AWD_7200AA23M00003_7200_47QRAD20D1100_4732/,2024-12-19,2025-01-17
7200_4732_7200AA23M00003_P00007_47QRAD20D1100_0,CONT_AWD_7200AA23M00003_7200_47QRAD20D1100_4732,7200AA23M00003,P00007,0,4732,FEDERAL ACQUISITION SERVICE,47QRAD20D1100,0,150000.00,11974643.00,9046228.99,0.00,106690553.00,0.00,106690553.00,Q: Not Designated Nonemergency/Emergency/Disaster/Wildfire Suppression,,,,,2024-10-25,2025,2023-09-20,2028-09-19,2028-09-19 00:00:00,,2023-06-30,072,Agency for International Development,7200,Agency for International Development,7200AA,USAID M/OAA,072,Agency for International Development,7200,Agency for International Development,720121,USAID/UKRAINE,072-019-2017/2022-1031-000;072-019-2017/2025-1031-000;072-019-2018/2026-1031-000;072-019-2020/2024-1031-000;072-019-2020/2025-1031-000;072-019-2020/2028-1031-000;072-019-2021/2025-1031-000;072-019-2021/2026-1031-000;072-019-2022/2023-1031-000;072-019-2022/2026-1031-000;072-019-2022/2027-1031-000;072-019-2023/2024-1031-000;072-019-2023/2028-1031-000;072-019-2024/2025-1031-000;072-019-2024/2028-1031-000,019-1031,"41.0: Grants, subsidies, and contributions",0001: DIRECT GLOBAL HEALTH PROGRAM ACTIVITY,X,NOT APPLICABLE,,,DEMTGHL79QK4,,"GLOBAL SOLUTIONS VENTURES, LLC","GLOBAL SOLUTIONS VENTURES, LLC",,7WRU2,DEMTGHL79QK4,,"GLOBAL SOLUTIONS VENTURES, LLC",GLOBAL SOLUTIONS VENTURES  LLC,USA,UNITED STATES,3 BETHESDA METRO CENTER STE 700,,BETHESDA,24031,MONTGOMERY,24,MD,MARYLAND,208146300,MD-08,MD-08,2408132523,,USA,UNITED STATES,WASHINGTON,11001,DISTRICT OF COLUMBIA,11,DC,DISTRICT OF COLUMBIA,205230001,DC-98,DC-98,AWARD,C,DELIVERY ORDER,,,,,,,U,COST PLUS FIXED FEE,LEAP GLOBAL,LEAP GLOBAL,C,FUNDING ONLY ACTION,,1,OT,OTHER FUNCTIONS,R425,SUPPORT- PROFESSIONAL: ENGINEERING/TECHNICAL,H,NOT BUNDLED,,,541330,ENGINEERING SERVICES,C,NO CLAUSES INCLUDED AND NO SUSTAINABILITY INCLUDED,A,U.S. OWNED BUSINESS,,,,,E,NOT REQUIRED,USA,UNITED STATES,C,NOT A MANUFACTURED END PRODUCT,B,PLAN NOT REQUIRED,D,FULL AND OPEN COMPETITION AFTER EXCLUSION OF SOURCES,MAFO,SUBJECT TO MULTIPLE AWARD FAIR OPPORTUNITY,SBA,SMALL BUSINESS SET ASIDE - TOTAL,NONE,NO PREFERENCE USED,,,CSA,COMPETITIVE SET ASIDE,,,6,D,COMMERCIAL PRODUCTS/SERVICES PROCEDURES NOT USED,f,N,NO,N,NO,Y,YES,N,NO,,N,NO,X,NOT APPLICABLE,N,NO,X,NOT APPLICABLE,X,NOT APPLICABLE,,,B,IDC,M,MULTIPLE AWARD,,,,N,NO,X,NOT APPLICABLE EXEMPT FROM CAS,N,TRANSACTION DOES NOT USE GFE/GFP,,,X,NO,D,NOT CONSOLIDATED,Y,YES - SERVICE WHERE PBA IS USED.,N,NO,,,N,NO,X,NOT APPLICABLE,f,f,f,f,f,f,f,t,t,t,t,t,t,f,f,f,t,f,f,SMALL BUSINESS,S,f,f,f,f,f,f,f,f,f,f,f,f,f,f,f,f,f,PARTNERSHIP,f,f,t,f,f,f,f,f,f,f,f,f,f,f,f,f,f,t,f,f,f,f,f,f,f,f,t,f,t,f,f,f,f,f,f,f,f,f,f,f,f,f,f,f,f,t,f,f,f,t,,,,,,,,,,,https://www.usaspending.gov/award/CONT_AWD_7200AA23M00003_7200_47QRAD20D1100_4732/,2024-10-24,2024-10-25
7200_4732_7200AA23M00003_P00014_47QRAD20D1100_0,CONT_AWD_7200AA23M00003_7200_47QRAD20D1100_4732,7200AA23M00003,P00014,0,4732,FEDERAL ACQUISITION SERVICE,47QRAD20D1100,0,-18263944.27,44997104.13,9046228.99,0.00,106690553.00,0.00,106690553.00,Q: Not Designated Nonemergency/Emergency/Disaster/Wildfire Suppression,,,,,2025-09-22,2025,2023-09-20,2028-09-19,2028-09-19 00:00:00,,2023-06-30,072,Agency for International Development,7200,Agency for International Development,7200AA,USAID M/OAA,072,Agency for International Development,7200,Agency for International Development,7231ES,USAID,072-019-2017/2022-1031-000;072-019-2017/2025-1031-000;072-019-2018/2026-1031-000;072-019-2020/2024-1031-000;072-019-2020/2025-1031-000;072-019-2020/2028-1031-000;072-019-2021/2025-1031-000;072-019-2021/2026-1031-000;072-019-2022/2023-1031-000;072-019-2022/2026-1031-000;072-019-2022/2027-1031-000;072-019-2023/2024-1031-000;072-019-2023/2028-1031-000;072-019-2024/2025-1031-000;072-019-2024/2028-1031-000,019-1031,"41.0: Grants, subsidies, and contributions",0001: DIRECT GLOBAL HEALTH PROGRAM ACTIVITY,X,NOT APPLICABLE,,,DEMTGHL79QK4,,"GLOBAL SOLUTIONS VENTURES, LLC","GLOBAL SOLUTIONS VENTURES, LLC",,7WRU2,DEMTGHL79QK4,,"GLOBAL SOLUTIONS VENTURES, LLC",GLOBAL SOLUTIONS VENTURES  LLC,USA,UNITED STATES,3 BETHESDA METRO CENTER STE 700,,BETHESDA,24031,MONTGOMERY,24,MD,MARYLAND,208146300,MD-08,MD-08,2408132523,,MDA,MOLDOVA,,,,,,,,,,AWARD,C,DELIVERY ORDER,,,,,,,U,COST PLUS FIXED FEE,LEAP GLOBAL,LEAP GLOBAL,C,FUNDING ONLY ACTION,,1,OT,OTHER FUNCTIONS,R425,SUPPORT- PROFESSIONAL: ENGINEERING/TECHNICAL,H,NOT BUNDLED,,,541330,ENGINEERING SERVICES,C,NO CLAUSES INCLUDED AND NO SUSTAINABILITY INCLUDED,A,U.S. OWNED BUSINESS,,,,,E,NOT REQUIRED,USA,UNITED STATES,C,NOT A MANUFACTURED END PRODUCT,B,PLAN NOT REQUIRED,D,FULL AND OPEN COMPETITION AFTER EXCLUSION OF SOURCES,MAFO,SUBJECT TO MULTIPLE AWARD FAIR OPPORTUNITY,SBA,SMALL BUSINESS SET ASIDE - TOTAL,NONE,NO PREFERENCE USED,,,CSA,COMPETITIVE SET ASIDE,,,6,D,COMMERCIAL PRODUCTS/SERVICES PROCEDURES NOT USED,f,N,NO,N,NO,Y,YES,N,NO,,N,NO,X,NOT APPLICABLE,N,NO,X,NOT APPLICABLE,X,NOT APPLICABLE,,,B,IDC,M,MULTIPLE AWARD,,,,N,NO,X,NOT APPLICABLE EXEMPT FROM CAS,N,TRANSACTION DOES NOT USE GFE/GFP,,,X,NO,D,NOT CONSOLIDATED,Y,YES - SERVICE WHERE PBA IS USED.,N,NO,,,N,NO,X,NOT APPLICABLE,f,f,f,f,f,f,f,t,t,t,t,t,t,f,f,f,t,f,f,SMALL BUSINESS,S,f,f,f,f,f,f,f,f,f,f,f,f,f,f,f,f,f,PARTNERSHIP,f,f,t,f,f,f,f,f,f,f,f,f,f,f,f,f,f,t,f,f,f,f,f,f,f,f,t,f,t,f,f,f,f,f,f,f,f,f,f,f,f,f,f,f,f,t,f,f,f,t,,,,,,,,,,,https://www.usaspending.gov/award/CONT_AWD_7200AA23M00003_7200_47QRAD20D1100_4732/,2025-09-22,2025-09-22
7200_4732_7200AA23M00003_P00012_47QRAD20D1100_0,CONT_AWD_7200AA23M00003_7200_47QRAD20D1100_4732,7200AA23M00003,P00012,0,4732,FEDERAL ACQUISITION SERVICE,47QRAD20D1100,0,0.00,43473795.00,9046228.99,0.00,106690553.00,0.00,106690553.00,Q: Not Designated Nonemergency/Emergency/Disaster/Wildfire Suppression,,,,,2025-07-30,2025,2023-09-20,2028-09-19,2028-09-19 00:00:00,,2023-06-30,072,Agency for International Development,7200,Agency for International Development,7200AA,USAID M/OAA,072,Agency for International Development,7200,Agency for International Development,7231ES,USAID,072-019-2017/2022-1031-000;072-019-2017/2025-1031-000;072-019-2018/2026-1031-000;072-019-2020/2024-1031-000;072-019-2020/2025-1031-000;072-019-2020/2028-1031-000;072-019-2021/2025-1031-000;072-019-2021/2026-1031-000;072-019-2022/2023-1031-000;072-019-2022/2026-1031-000;072-019-2022/2027-1031-000;072-019-2023/2024-1031-000;072-019-2023/2028-1031-000;072-019-2024/2025-1031-000;072-019-2024/2028-1031-000,019-1031,"41.0: Grants, subsidies, and contributions",0001: DIRECT GLOBAL HEALTH PROGRAM ACTIVITY,X,NOT APPLICABLE,,,DEMTGHL79QK4,,"GLOBAL SOLUTIONS VENTURES, LLC","GLOBAL SOLUTIONS VENTURES, LLC",,7WRU2,DEMTGHL79QK4,,"GLOBAL SOLUTIONS VENTURES, LLC",GLOBAL SOLUTIONS VENTURES  LLC,USA,UNITED STATES,3 BETHESDA METRO CENTER STE 700,,BETHESDA,24031,MONTGOMERY,24,MD,MARYLAND,208146300,MD-08,MD-08,2408132523,,MDA,MOLDOVA,,,,,,,,,,AWARD,C,DELIVERY ORDER,,,,,,,U,COST PLUS FIXED FEE,LEAP GLOBAL,LEAP GLOBAL,M,OTHER ADMINISTRATIVE ACTION,,1,OT,OTHER FUNCTIONS,R425,SUPPORT- PROFESSIONAL: ENGINEERING/TECHNICAL,H,NOT BUNDLED,,,541330,ENGINEERING SERVICES,C,NO CLAUSES INCLUDED AND NO SUSTAINABILITY INCLUDED,A,U.S. OWNED BUSINESS,,,,,E,NOT REQUIRED,USA,UNITED STATES,C,NOT A MANUFACTURED END PRODUCT,B,PLAN NOT REQUIRED,D,FULL AND OPEN COMPETITION AFTER EXCLUSION OF SOURCES,MAFO,SUBJECT TO MULTIPLE AWARD FAIR OPPORTUNITY,SBA,SMALL BUSINESS SET ASIDE - TOTAL,NONE,NO PREFERENCE USED,,,CSA,COMPETITIVE SET ASIDE,,,6,D,COMMERCIAL PRODUCTS/SERVICES PROCEDURES NOT USED,f,N,NO,N,NO,Y,YES,N,NO,,N,NO,X,NOT APPLICABLE,N,NO,X,NOT APPLICABLE,X,NOT APPLICABLE,,,B,IDC,M,MULTIPLE AWARD,,,,N,NO,X,NOT APPLICABLE EXEMPT FROM CAS,N,TRANSACTION DOES NOT USE GFE/GFP,,,X,NO,D,NOT CONSOLIDATED,Y,YES - SERVICE WHERE PBA IS USED.,N,NO,,,N,NO,X,NOT APPLICABLE,f,f,f,f,f,f,f,t,t,t,t,t,t,f,f,f,t,f,f,SMALL BUSINESS,S,f,f,f,f,f,f,f,f,f,f,f,f,f,f,f,f,f,PARTNERSHIP,f,f,t,f,f,f,f,f,f,f,f,f,f,f,f,f,f,t,f,f,f,f,f,f,f,f,t,f,t,f,f,f,f,f,f,f,f,f,f,f,f,f,f,f,f,t,f,f,f,t,,,,,,,,,,,https://www.usaspending.gov/award/CONT_AWD_7200AA23M00003_7200_47QRAD20D1100_4732/,2025-07-30,2025-07-30
7200_4732_7200AA23M00003_P00005_47QRAD20D1100_0,CONT_AWD_7200AA23M00003_7200_47QRAD20D1100_4732,7200AA23M00003,P00005,0,4732,FEDERAL ACQUISITION SERVICE,47QRAD20D1100,0,1600000.00,10111539.00,9046228.99,0.00,106690553.00,0.00,106690553.00,Q: Not Designated Nonemergency/Emergency/Disaster/Wildfire Suppression,,,,,2024-07-26,2024,2023-09-20,2028-09-19,2028-09-19 00:00:00,,2023-06-30,072,Agency for International Development,7200,Agency for International Development,7200AA,USAID M/OAA,072,Agency for International Development,7200,Agency for International Development,720176,USAID/CENTRALASIAN REPUBLICS REG,072-019-2017/2022-1031-000;072-019-2017/2025-1031-000;072-019-2018/2026-1031-000;072-019-2020/2024-1031-000;072-019-2020/2025-1031-000;072-019-2020/2028-1031-000;072-019-2021/2025-1031-000;072-019-2021/2026-1031-000;072-019-2022/2023-1031-000;072-019-2022/2026-1031-000;072-019-2022/2027-1031-000;072-019-2023/2024-1031-000;072-019-2023/2028-1031-000;072-019-2024/2025-1031-000;072-019-2024/2028-1031-000,019-1031,"41.0: Grants, subsidies, and contributions",0001: DIRECT GLOBAL HEALTH PROGRAM ACTIVITY,X,NOT APPLICABLE,,,DEMTGHL79QK4,,"GLOBAL SOLUTIONS VENTURES, LLC","GLOBAL SOLUTIONS VENTURES, LLC",,7WRU2,DEMTGHL79QK4,,"GLOBAL SOLUTIONS VENTURES, LLC",GLOBAL SOLUTIONS VENTURES  LLC,USA,UNITED STATES,3 BETHESDA METRO CENTER STE 700,,BETHESDA,24031,MONTGOMERY,24,MD,MARYLAND,208146300,MD-08,MD-08,2408132523,,USA,UNITED STATES,WASHINGTON,11001,DISTRICT OF COLUMBIA,11,DC,DISTRICT OF COLUMBIA,205230001,DC-98,DC-98,AWARD,C,DELIVERY ORDER,,,,,,,U,COST PLUS FIXED FEE,LEAP GLOBAL,LEAP GLOBAL,C,FUNDING ONLY ACTION,,1,OT,OTHER FUNCTIONS,R425,SUPPORT- PROFESSIONAL: ENGINEERING/TECHNICAL,H,NOT BUNDLED,,,541330,ENGINEERING SERVICES,C,NO CLAUSES INCLUDED AND NO SUSTAINABILITY INCLUDED,A,U.S. OWNED BUSINESS,,,,,E,NOT REQUIRED,USA,UNITED STATES,C,NOT A MANUFACTURED END PRODUCT,B,PLAN NOT REQUIRED,D,FULL AND OPEN COMPETITION AFTER EXCLUSION OF SOURCES,MAFO,SUBJECT TO MULTIPLE AWARD FAIR OPPORTUNITY,SBA,SMALL BUSINESS SET ASIDE - TOTAL,NONE,NO PREFERENCE USED,,,CSA,COMPETITIVE SET ASIDE,,,6,D,COMMERCIAL PRODUCTS/SERVICES PROCEDURES NOT USED,f,N,NO,N,NO,Y,YES,N,NO,,N,NO,X,NOT APPLICABLE,N,NO,X,NOT APPLICABLE,X,NOT APPLICABLE,,,B,IDC,M,MULTIPLE AWARD,,,,N,NO,X,NOT APPLICABLE EXEMPT FROM CAS,N,TRANSACTION DOES NOT USE GFE/GFP,,,X,NO,D,NOT CONSOLIDATED,Y,YES - SERVICE WHERE PBA IS USED.,N,NO,,,N,NO,X,NOT APPLICABLE,f,f,f,f,f,f,f,t,t,t,t,t,t,f,f,f,t,f,f,SMALL BUSINESS,S,f,f,f,f,f,f,f,f,f,f,f,f,f,f,f,f,f,PARTNERSHIP,f,f,t,f,f,f,f,f,f,f,f,f,f,f,f,f,f,t,f,f,f,f,f,f,f,f,t,f,t,f,f,f,f,f,f,f,f,f,f,f,f,f,f,f,f,t,f,f,f,t,,,,,,,,,,,https://www.usaspending.gov/award/CONT_AWD_7200AA23M00003_7200_47QRAD20D1100_4732/,2024-07-25,2024-08-28
7200_4732_7200AA23M00003_P00013_47QRAD20D1100_0,CONT_AWD_7200AA23M00003_7200_47QRAD20D1100_4732,7200AA23M00003,P00013,0,4732,FEDERAL ACQUISITION SERVICE,47QRAD20D1100,0,19787253.40,63261048.40,9046228.99,0.00,106690553.00,0.00,106690553.00,Q: Not Designated Nonemergency/Emergency/Disaster/Wildfire Suppression,,,,,2023-09-20,2023,2023-09-20,2028-09-19,2028-09-19 00:00:00,,2023-06-30,072,Agency for International Development,7200,Agency for International Development,7200AA,USAID M/OAA,072,Agency for International Development,7200,Agency for International Development,7200GH,USAID GH,072-019-2017/2022-1031-000;072-019-2017/2025-1031-000;072-019-2018/2026-1031-000;072-019-2020/2024-1031-000;072-019-2020/2025-1031-000;072-019-2020/2028-1031-000;072-019-2021/2025-1031-000;072-019-2021/2026-1031-000;072-019-2022/2023-1031-000;072-019-2022/2026-1031-000;072-019-2022/2027-1031-000;072-019-2023/2024-1031-000;072-019-2023/2028-1031-000;072-019-2024/2025-1031-000;072-019-2024/2028-1031-000,019-1031,"41.0: Grants, subsidies, and contributions",0001: DIRECT GLOBAL HEALTH PROGRAM ACTIVITY,X,NOT APPLICABLE,,,DEMTGHL79QK4,,"GLOBAL SOLUTIONS VENTURES, LLC","GLOBAL SOLUTIONS VENTURES, LLC",,7WRU2,DEMTGHL79QK4,,"GLOBAL SOLUTIONS VENTURES, LLC",GLOBAL SOLUTIONS VENTURES  LLC,USA,UNITED STATES,3 BETHESDA METRO CENTER STE 700,,BETHESDA,24031,MONTGOMERY,24,MD,MARYLAND,208146300,MD-08,MD-08,2408132523,,MDA,MOLDOVA,,,,,,,,,,AWARD,C,DELIVERY ORDER,,,,,,,U,COST PLUS FIXED FEE,LEAP GLOBAL,LEAP GLOBAL,C,FUNDING ONLY ACTION,,1,OT,OTHER FUNCTIONS,R425,SUPPORT- PROFESSIONAL: ENGINEERING/TECHNICAL,H,NOT BUNDLED,,,541330,ENGINEERING SERVICES,C,NO CLAUSES INCLUDED AND NO SUSTAINABILITY INCLUDED,A,U.S. OWNED BUSINESS,,,,,E,NOT REQUIRED,USA,UNITED STATES,C,NOT A MANUFACTURED END PRODUCT,B,PLAN NOT REQUIRED,D,FULL AND OPEN COMPETITION AFTER EXCLUSION OF SOURCES,MAFO,SUBJECT TO MULTIPLE AWARD FAIR OPPORTUNITY,SBA,SMALL BUSINESS SET ASIDE - TOTAL,NONE,NO PREFERENCE USED,,,CSA,COMPETITIVE SET ASIDE,,,6,D,COMMERCIAL PRODUCTS/SERVICES PROCEDURES NOT USED,f,N,NO,N,NO,Y,YES,N,NO,,N,NO,X,NOT APPLICABLE,N,NO,X,NOT APPLICABLE,X,NOT APPLICABLE,,,B,IDC,M,MULTIPLE AWARD,,NONE,NONE,N,NO,X,NOT APPLICABLE EXEMPT FROM CAS,N,TRANSACTION DOES NOT USE GFE/GFP,,,X,NO,D,NOT CONSOLIDATED,Y,YES - SERVICE WHERE PBA IS USED.,N,NO,,,N,NO,X,NOT APPLICABLE,f,f,f,f,f,f,f,t,t,t,t,t,t,f,f,f,t,f,f,SMALL BUSINESS,S,f,f,f,f,f,f,f,f,f,f,f,f,f,f,f,f,f,PARTNERSHIP,f,f,t,f,f,f,f,f,f,f,f,f,f,f,f,f,f,t,f,f,f,f,f,f,f,f,t,f,t,f,f,f,f,f,f,f,f,f,f,f,f,f,f,f,f,t,f,f,f,t,,,,,,,,,,,https://www.usaspending.gov/award/CONT_AWD_7200AA23M00003_7200_47QRAD20D1100_4732/,2025-08-26,2025-09-18
7200_4732_7200AA23M00003_P00006_47QRAD20D1100_0,CONT_AWD_7200AA23M00003_7200_47QRAD20D1100_4732,7200AA23M00003,P00006,0,4732,FEDERAL ACQUISITION SERVICE,47QRAD20D1100,0,1713104.00,11824643.00,9046228.99,0.00,106690553.00,0.00,106690553.00,Q: Not Designated Nonemergency/Emergency/Disaster/Wildfire Suppression,,,,,2024-09-08,2024,2023-09-20,2028-09-19,2028-09-19 00:00:00,,2023-06-30,072,Agency for International Development,7200,Agency for International Development,7200AA,USAID M/OAA,072,Agency for International Development,7200,Agency for International Development,720176,USAID/CENTRALASIAN REPUBLICS REG,072-019-2017/2022-1031-000;072-019-2017/2025-1031-000;072-019-2018/2026-1031-000;072-019-2020/2024-1031-000;072-019-2020/2025-1031-000;072-019-2020/2028-1031-000;072-019-2021/2025-1031-000;072-019-2021/2026-1031-000;072-019-2022/2023-1031-000;072-019-2022/2026-1031-000;072-019-2022/2027-1031-000;072-019-2023/2024-1031-000;072-019-2023/2028-1031-000;072-019-2024/2025-1031-000;072-019-2024/2028-1031-000,019-1031,"41.0: Grants, subsidies, and contributions",0001: DIRECT GLOBAL HEALTH PROGRAM ACTIVITY,X,NOT APPLICABLE,,,DEMTGHL79QK4,,"GLOBAL SOLUTIONS VENTURES, LLC","GLOBAL SOLUTIONS VENTURES, LLC",,7WRU2,DEMTGHL79QK4,,"GLOBAL SOLUTIONS VENTURES, LLC",GLOBAL SOLUTIONS VENTURES  LLC,USA,UNITED STATES,3 BETHESDA METRO CENTER STE 700,,BETHESDA,24031,MONTGOMERY,24,MD,MARYLAND,208146300,MD-08,MD-08,2408132523,,USA,UNITED STATES,WASHINGTON,11001,DISTRICT OF COLUMBIA,11,DC,DISTRICT OF COLUMBIA,205230001,DC-98,DC-98,AWARD,C,DELIVERY ORDER,,,,,,,U,COST PLUS FIXED FEE,LEAP GLOBAL,LEAP GLOBAL,M,OTHER ADMINISTRATIVE ACTION,,1,OT,OTHER FUNCTIONS,R425,SUPPORT- PROFESSIONAL: ENGINEERING/TECHNICAL,H,NOT BUNDLED,,,541330,ENGINEERING SERVICES,C,NO CLAUSES INCLUDED AND NO SUSTAINABILITY INCLUDED,A,U.S. OWNED BUSINESS,,,,,E,NOT REQUIRED,USA,UNITED STATES,C,NOT A MANUFACTURED END PRODUCT,B,PLAN NOT REQUIRED,D,FULL AND OPEN COMPETITION AFTER EXCLUSION OF SOURCES,MAFO,SUBJECT TO MULTIPLE AWARD FAIR OPPORTUNITY,SBA,SMALL BUSINESS SET ASIDE - TOTAL,NONE,NO PREFERENCE USED,,,CSA,COMPETITIVE SET ASIDE,,,6,D,COMMERCIAL PRODUCTS/SERVICES PROCEDURES NOT USED,f,N,NO,N,NO,Y,YES,N,NO,,N,NO,X,NOT APPLICABLE,N,NO,X,NOT APPLICABLE,X,NOT APPLICABLE,,,B,IDC,M,MULTIPLE AWARD,,,,N,NO,X,NOT APPLICABLE EXEMPT FROM CAS,N,TRANSACTION DOES NOT USE GFE/GFP,,,X,NO,D,NOT CONSOLIDATED,Y,YES - SERVICE WHERE PBA IS USED.,N,NO,,,N,NO,X,NOT APPLICABLE,f,f,f,f,f,f,f,t,t,t,t,t,t,f,f,f,t,f,f,SMALL BUSINESS,S,f,f,f,f,f,f,f,f,f,f,f,f,f,f,f,f,f,PARTNERSHIP,f,f,t,f,f,f,f,f,f,f,f,f,f,f,f,f,f,t,f,f,f,f,f,f,f,f,t,f,t,f,f,f,f,f,f,f,f,f,f,f,f,f,f,f,f,t,f,f,f,t,,,,,,,,,,,https://www.usaspending.gov/award/CONT_AWD_7200AA23M00003_7200_47QRAD20D1100_4732/,2024-09-08,2024-09-18
7200_4732_7200AA23M00003_P00015_47QRAD20D1100_0,CONT_AWD_7200AA23M00003_7200_47QRAD20D1100_4732,7200AA23M00003,P00015,0,4732,FEDERAL ACQUISITION SERVICE,47QRAD20D1100,0,59679597.98,104676702.11,9046228.99,0.00,106690553.00,0.00,106690553.00,Q: Not Designated Nonemergency/Emergency/Disaster/Wildfire Suppression,,,,,2025-09-25,2025,2023-09-20,2028-09-19,2028-09-19 00:00:00,,2023-06-30,072,Agency for International Development,7200,Agency for International Development,7200AA,USAID M/OAA,072,Agency for International Development,7200,Agency for International Development,720620,USAID/NIGERIA,072-019-2017/2022-1031-000;072-019-2017/2025-1031-000;072-019-2018/2026-1031-000;072-019-2020/2024-1031-000;072-019-2020/2025-1031-000;072-019-2020/2028-1031-000;072-019-2021/2025-1031-000;072-019-2021/2026-1031-000;072-019-2022/2023-1031-000;072-019-2022/2026-1031-000;072-019-2022/2027-1031-000;072-019-2023/2024-1031-000;072-019-2023/2028-1031-000;072-019-2024/2025-1031-000;072-019-2024/2028-1031-000,019-1031,"41.0: Grants, subsidies, and contributions",0001: DIRECT GLOBAL HEALTH PROGRAM ACTIVITY,X,NOT APPLICABLE,,,DEMTGHL79QK4,,"GLOBAL SOLUTIONS VENTURES, LLC","GLOBAL SOLUTIONS VENTURES, LLC",,7WRU2,DEMTGHL79QK4,,"GLOBAL SOLUTIONS VENTURES, LLC",GLOBAL SOLUTIONS VENTURES  LLC,USA,UNITED STATES,3 BETHESDA METRO CENTER STE 700,,BETHESDA,24031,MONTGOMERY,24,MD,MARYLAND,208146300,MD-08,MD-08,2408132523,,MDA,MOLDOVA,,,,,,,,,,AWARD,C,DELIVERY ORDER,,,,,,,U,COST PLUS FIXED FEE,LEAP GLOBAL,LEAP GLOBAL,C,FUNDING ONLY ACTION,,1,OT,OTHER FUNCTIONS,R425,SUPPORT- PROFESSIONAL: ENGINEERING/TECHNICAL,H,NOT BUNDLED,,,541330,ENGINEERING SERVICES,C,NO CLAUSES INCLUDED AND NO SUSTAINABILITY INCLUDED,A,U.S. OWNED BUSINESS,,,,,E,NOT REQUIRED,USA,UNITED STATES,C,NOT A MANUFACTURED END PRODUCT,B,PLAN NOT REQUIRED,D,FULL AND OPEN COMPETITION AFTER EXCLUSION OF SOURCES,MAFO,SUBJECT TO MULTIPLE AWARD FAIR OPPORTUNITY,SBA,SMALL BUSINESS SET ASIDE - TOTAL,NONE,NO PREFERENCE USED,,,CSA,COMPETITIVE SET ASIDE,,,6,D,COMMERCIAL PRODUCTS/SERVICES PROCEDURES NOT USED,f,N,NO,N,NO,Y,YES,N,NO,,N,NO,X,NOT APPLICABLE,N,NO,X,NOT APPLICABLE,X,NOT APPLICABLE,,,B,IDC,M,MULTIPLE AWARD,,,,N,NO,X,NOT APPLICABLE EXEMPT FROM CAS,N,TRANSACTION DOES NOT USE GFE/GFP,,,X,NO,D,NOT CONSOLIDATED,Y,YES - SERVICE WHERE PBA IS USED.,N,NO,,,N,NO,X,NOT APPLICABLE,f,f,f,f,f,f,f,t,t,t,t,t,t,f,f,f,t,f,f,SMALL BUSINESS,S,f,f,f,f,f,f,f,f,f,f,f,f,f,f,f,f,f,PARTNERSHIP,f,f,t,f,f,f,f,f,f,f,f,f,f,f,f,f,f,t,f,f,f,f,f,f,f,f,t,f,t,f,f,f,f,f,f,f,f,f,f,f,f,f,f,f,f,t,f,f,f,t,,,,,,,,,,,https://www.usaspending.gov/award/CONT_AWD_7200AA23M00003_7200_47QRAD20D1100_4732/,2025-09-25,2025-10-17
7200_4732_7200AA23M00003_P00002_47QRAD20D1100_0,CONT_AWD_7200AA23M00003_7200_47QRAD20D1100_4732,7200AA23M00003,P00002,0,4732,FEDERAL ACQUISITION SERVICE,47QRAD20D1100,0,370000.00,3370000.00,9046228.99,0.00,106690553.00,0.00,106690553.00,Q: Not Designated Nonemergency/Emergency/Disaster/Wildfire Suppression,,,,,2024-02-08,2024,2023-09-20,2028-09-19,2028-09-19 00:00:00,,2023-06-30,072,Agency for International Development,7200,Agency for International Development,7200AA,USAID M/OAA,072,Agency for International Development,7200,Agency for International Development,720388,USAID/BANGLADESH,072-019-2017/2022-1031-000;072-019-2017/2025-1031-000;072-019-2018/2026-1031-000;072-019-2020/2024-1031-000;072-019-2020/2025-1031-000;072-019-2020/2028-1031-000;072-019-2021/2025-1031-000;072-019-2021/2026-1031-000;072-019-2022/2023-1031-000;072-019-2022/2026-1031-000;072-019-2022/2027-1031-000;072-019-2023/2024-1031-000;072-019-2023/2028-1031-000;072-019-2024/2025-1031-000;072-019-2024/2028-1031-000,019-1031,"41.0: Grants, subsidies, and contributions",0001: DIRECT GLOBAL HEALTH PROGRAM ACTIVITY,X,NOT APPLICABLE,,,DEMTGHL79QK4,,"GLOBAL SOLUTIONS VENTURES, LLC","GLOBAL SOLUTIONS VENTURES, LLC",,7WRU2,DEMTGHL79QK4,,"GLOBAL SOLUTIONS VENTURES, LLC",GLOBAL SOLUTIONS VENTURES  LLC,USA,UNITED STATES,3 BETHESDA METRO CENTER STE 700,,BETHESDA,24031,MONTGOMERY,24,MD,MARYLAND,208146300,MD-08,MD-08,2408132523,,USA,UNITED STATES,WASHINGTON,11001,DISTRICT OF COLUMBIA,11,DC,DISTRICT OF COLUMBIA,205230001,DC-98,DC-98,AWARD,C,DELIVERY ORDER,,,,,,,U,COST PLUS FIXED FEE,LEAP GLOBAL,LEAP GLOBAL,C,FUNDING ONLY ACTION,,1,OT,OTHER FUNCTIONS,R425,SUPPORT- PROFESSIONAL: ENGINEERING/TECHNICAL,H,NOT BUNDLED,,,541330,ENGINEERING SERVICES,C,NO CLAUSES INCLUDED AND NO SUSTAINABILITY INCLUDED,A,U.S. OWNED BUSINESS,,,,,E,NOT REQUIRED,USA,UNITED STATES,C,NOT A MANUFACTURED END PRODUCT,B,PLAN NOT REQUIRED,D,FULL AND OPEN COMPETITION AFTER EXCLUSION OF SOURCES,MAFO,SUBJECT TO MULTIPLE AWARD FAIR OPPORTUNITY,SBA,SMALL BUSINESS SET ASIDE - TOTAL,NONE,NO PREFERENCE USED,,,CSA,COMPETITIVE SET ASIDE,,,6,D,COMMERCIAL PRODUCTS/SERVICES PROCEDURES NOT USED,f,N,NO,N,NO,Y,YES,N,NO,,N,NO,X,NOT APPLICABLE,N,NO,X,NOT APPLICABLE,X,NOT APPLICABLE,,,B,IDC,M,MULTIPLE AWARD,,,,N,NO,X,NOT APPLICABLE EXEMPT FROM CAS,N,TRANSACTION DOES NOT USE GFE/GFP,,,X,NO,D,NOT CONSOLIDATED,Y,YES - SERVICE WHERE PBA IS USED.,N,NO,,,N,NO,X,NOT APPLICABLE,f,f,f,f,f,f,f,t,t,t,t,t,t,f,f,f,t,f,f,SMALL BUSINESS,S,f,f,f,f,f,f,f,f,f,f,f,f,f,f,f,f,f,PARTNERSHIP,f,f,t,f,f,f,f,f,f,f,f,f,f,f,f,f,f,t,f,f,f,f,f,f,f,f,t,f,t,f,f,f,f,f,f,f,f,f,f,f,f,f,f,f,f,t,f,f,f,t,,,,,,,,,,,https://www.usaspending.gov/award/CONT_AWD_7200AA23M00003_7200_47QRAD20D1100_4732/,2024-02-07,2024-02-08
7200_4732_7200AA23M00003_P00003_47QRAD20D1100_0,CONT_AWD_7200AA23M00003_7200_47QRAD20D1100_4732,7200AA23M00003,P00003,0,4732,FEDERAL ACQUISITION SERVICE,47QRAD20D1100,0,2500000.00,5870000.00,9046228.99,0.00,106690553.00,0.00,106690553.00,Q: Not Designated Nonemergency/Emergency/Disaster/Wildfire Suppression,,,,,2024-04-16,2024,2023-09-20,2028-09-19,2028-09-19 00:00:00,,2023-06-30,072,Agency for International Development,7200,Agency for International Development,7200AA,USAID M/OAA,072,Agency for International Development,7200,Agency for International Development,7200GH,USAID GH,072-019-2017/2022-1031-000;072-019-2017/2025-1031-000;072-019-2018/2026-1031-000;072-019-2020/2024-1031-000;072-019-2020/2025-1031-000;072-019-2020/2028-1031-000;072-019-2021/2025-1031-000;072-019-2021/2026-1031-000;072-019-2022/2023-1031-000;072-019-2022/2026-1031-000;072-019-2022/2027-1031-000;072-019-2023/2024-1031-000;072-019-2023/2028-1031-000;072-019-2024/2025-1031-000;072-019-2024/2028-1031-000,019-1031,"41.0: Grants, subsidies, and contributions",0001: DIRECT GLOBAL HEALTH PROGRAM ACTIVITY,X,NOT APPLICABLE,,,DEMTGHL79QK4,,"GLOBAL SOLUTIONS VENTURES, LLC","GLOBAL SOLUTIONS VENTURES, LLC",,7WRU2,DEMTGHL79QK4,,"GLOBAL SOLUTIONS VENTURES, LLC",GLOBAL SOLUTIONS VENTURES  LLC,USA,UNITED STATES,3 BETHESDA METRO CENTER STE 700,,BETHESDA,24031,MONTGOMERY,24,MD,MARYLAND,208146300,MD-08,MD-08,2408132523,,USA,UNITED STATES,WASHINGTON,11001,DISTRICT OF COLUMBIA,11,DC,DISTRICT OF COLUMBIA,205230001,DC-98,DC-98,AWARD,C,DELIVERY ORDER,,,,,,,U,COST PLUS FIXED FEE,LEAP GLOBAL,LEAP GLOBAL,C,FUNDING ONLY ACTION,,1,OT,OTHER FUNCTIONS,R425,SUPPORT- PROFESSIONAL: ENGINEERING/TECHNICAL,H,NOT BUNDLED,,,541330,ENGINEERING SERVICES,C,NO CLAUSES INCLUDED AND NO SUSTAINABILITY INCLUDED,A,U.S. OWNED BUSINESS,,,,,E,NOT REQUIRED,USA,UNITED STATES,C,NOT A MANUFACTURED END PRODUCT,B,PLAN NOT REQUIRED,D,FULL AND OPEN COMPETITION AFTER EXCLUSION OF SOURCES,MAFO,SUBJECT TO MULTIPLE AWARD FAIR OPPORTUNITY,SBA,SMALL BUSINESS SET ASIDE - TOTAL,NONE,NO PREFERENCE USED,,,CSA,COMPETITIVE SET ASIDE,,,6,D,COMMERCIAL PRODUCTS/SERVICES PROCEDURES NOT USED,f,N,NO,N,NO,Y,YES,N,NO,,N,NO,X,NOT APPLICABLE,N,NO,X,NOT APPLICABLE,X,NOT APPLICABLE,,,B,IDC,M,MULTIPLE AWARD,,,,N,NO,X,NOT APPLICABLE EXEMPT FROM CAS,N,TRANSACTION DOES NOT USE GFE/GFP,,,X,NO,D,NOT CONSOLIDATED,Y,YES - SERVICE WHERE PBA IS USED.,N,NO,,,N,NO,X,NOT APPLICABLE,f,f,f,f,f,f,f,t,t,t,t,t,t,f,f,f,t,f,f,SMALL BUSINESS,S,f,f,f,f,f,f,f,f,f,f,f,f,f,f,f,f,f,PARTNERSHIP,f,f,t,f,f,f,f,f,f,f,f,f,f,f,f,f,f,t,f,f,f,f,f,f,f,f,t,f,t,f,f,f,f,f,f,f,f,f,f,f,f,f,f,f,f,t,f,f,f,t,,,,,,,,,,,https://www.usaspending.gov/award/CONT_AWD_7200AA23M00003_7200_47QRAD20D1100_4732/,2024-04-15,2024-05-24
7200_4732_7200AA23M00003_P00004_47QRAD20D1100_0,CONT_AWD_7200AA23M00003_7200_47QRAD20D1100_4732,7200AA23M00003,P00004,0,4732,FEDERAL ACQUISITION SERVICE,47QRAD20D1100,0,2641539.00,11974643.00,9046228.99,0.00,106690553.00,0.00,106690553.00,Q: Not Designated Nonemergency/Emergency/Disaster/Wildfire Suppression,,,,,2024-06-04,2024,2023-09-20,2028-09-19,2028-09-19 00:00:00,,2023-06-30,072,Agency for International Development,7200,Agency for International Development,7200AA,USAID M/OAA,072,Agency for International Development,7200,Agency for International Development,720176,USAID/CENTRALASIAN REPUBLICS REG,072-019-2017/2022-1031-000;072-019-2017/2025-1031-000;072-019-2018/2026-1031-000;072-019-2020/2024-1031-000;072-019-2020/2025-1031-000;072-019-2020/2028-1031-000;072-019-2021/2025-1031-000;072-019-2021/2026-1031-000;072-019-2022/2023-1031-000;072-019-2022/2026-1031-000;072-019-2022/2027-1031-000;072-019-2023/2024-1031-000;072-019-2023/2028-1031-000;072-019-2024/2025-1031-000;072-019-2024/2028-1031-000,019-1031,"41.0: Grants, subsidies, and contributions",0001: DIRECT GLOBAL HEALTH PROGRAM ACTIVITY,X,NOT APPLICABLE,,,DEMTGHL79QK4,,"GLOBAL SOLUTIONS VENTURES, LLC","GLOBAL SOLUTIONS VENTURES, LLC",,7WRU2,DEMTGHL79QK4,,"GLOBAL SOLUTIONS VENTURES, LLC",GLOBAL SOLUTIONS VENTURES  LLC,USA,UNITED STATES,3 BETHESDA METRO CENTER STE 700,,BETHESDA,24031,MONTGOMERY,24,MD,MARYLAND,208146300,MD-08,MD-08,2408132523,,USA,UNITED STATES,WASHINGTON,11001,DISTRICT OF COLUMBIA,11,DC,DISTRICT OF COLUMBIA,205230001,DC-98,DC-98,AWARD,C,DELIVERY ORDER,,,,,,,U,COST PLUS FIXED FEE,LEAP GLOBAL,LEAP GLOBAL,C,FUNDING ONLY ACTION,,1,OT,OTHER FUNCTIONS,R425,SUPPORT- PROFESSIONAL: ENGINEERING/TECHNICAL,H,NOT BUNDLED,,,541330,ENGINEERING SERVICES,C,NO CLAUSES INCLUDED AND NO SUSTAINABILITY INCLUDED,A,U.S. OWNED BUSINESS,,,,,E,NOT REQUIRED,USA,UNITED STATES,C,NOT A MANUFACTURED END PRODUCT,B,PLAN NOT REQUIRED,D,FULL AND OPEN COMPETITION AFTER EXCLUSION OF SOURCES,MAFO,SUBJECT TO MULTIPLE AWARD FAIR OPPORTUNITY,SBA,SMALL BUSINESS SET ASIDE - TOTAL,NONE,NO PREFERENCE USED,,,CSA,COMPETITIVE SET ASIDE,,,6,D,COMMERCIAL PRODUCTS/SERVICES PROCEDURES NOT USED,f,N,NO,N,NO,Y,YES,N,NO,,N,NO,X,NOT APPLICABLE,N,NO,X,NOT APPLICABLE,X,NOT APPLICABLE,,,B,IDC,M,MULTIPLE AWARD,,,,N,NO,X,NOT APPLICABLE EXEMPT FROM CAS,N,TRANSACTION DOES NOT USE GFE/GFP,,,X,NO,D,NOT CONSOLIDATED,Y,YES - SERVICE WHERE PBA IS USED.,N,NO,,,N,NO,X,NOT APPLICABLE,f,f,f,f,f,f,f,t,t,t,t,t,t,f,f,f,t,f,f,SMALL BUSINESS,S,f,f,f,f,f,f,f,f,f,f,f,f,f,f,f,f,f,PARTNERSHIP,f,f,t,f,f,f,f,f,f,f,f,f,f,f,f,f,f,t,f,f,f,f,f,f,f,f,t,f,t,f,f,f,f,f,f,f,f,f,f,f,f,f,f,f,f,t,f,f,f,t,,,,,,,,,,,https://www.usaspending.gov/award/CONT_AWD_7200AA23M00003_7200_47QRAD20D1100_4732/,2024-06-04,2024-11-15
